filename,rating
DSC05376.jpeg,3
DSC05376.jpeg,3
DSC05376.jpeg,1
DSC05376.jpeg,1
DSC05376.jpeg,1
DSC05376.jpeg,1
DSC05376.jpeg,1
DSC05376.jpeg,1
DSC05376.jpeg,1
DSC05376.jpeg,1
DSC05376.jpeg,1
DSC05376.jpeg,1
DSC05376.jpeg,3
DSC05376.jpeg,1
DSC05376.jpeg,1
DSC05376.jpeg,3
DSC05376.jpeg,1
DSC05376.jpeg,1
DSC05377.jpeg,3
DSC05377.jpeg,3
DSC05377.jpeg,1
DSC05377.jpeg,1
DSC05377.jpeg,1
DSC05377.jpeg,1
DSC05377.jpeg,1
DSC05377.jpeg,1
DSC05377.jpeg,1
DSC05377.jpeg,1
DSC05377.jpeg,1
DSC05377.jpeg,1
DSC05377.jpeg,3
DSC05377.jpeg,1
DSC05377.jpeg,1
DSC05377.jpeg,3
DSC05377.jpeg,1
DSC05377.jpeg,1
DSC05378.jpeg,1
DSC05378.jpeg,3
DSC05378.jpeg,1
DSC05378.jpeg,2
DSC05378.jpeg,3
DSC05378.jpeg,2
DSC05378.jpeg,1
DSC05378.jpeg,1
DSC05378.jpeg,1
DSC05378.jpeg,1
DSC05378.jpeg,3
DSC05378.jpeg,3
DSC05378.jpeg,1
DSC05378.jpeg,1
DSC05378.jpeg,2
DSC05378.jpeg,1
DSC05378.jpeg,2
DSC05378.jpeg,1
DSC05379.jpeg,1
DSC05379.jpeg,3
DSC05379.jpeg,1
DSC05379.jpeg,2
DSC05379.jpeg,3
DSC05379.jpeg,2
DSC05379.jpeg,1
DSC05379.jpeg,1
DSC05379.jpeg,1
DSC05379.jpeg,1
DSC05379.jpeg,3
DSC05379.jpeg,3
DSC05379.jpeg,1
DSC05379.jpeg,1
DSC05379.jpeg,2
DSC05379.jpeg,1
DSC05379.jpeg,2
DSC05379.jpeg,1
DSC05384.jpeg,1
DSC05384.jpeg,1
DSC05384.jpeg,1
DSC05384.jpeg,1
DSC05384.jpeg,1
DSC05384.jpeg,1
DSC05384.jpeg,1
DSC05384.jpeg,1
DSC05384.jpeg,1
DSC05384.jpeg,1
DSC05384.jpeg,1
DSC05384.jpeg,1
DSC05384.jpeg,1
DSC05384.jpeg,1
DSC05384.jpeg,1
DSC05384.jpeg,1
DSC05384.jpeg,1
DSC05384.jpeg,1
DSC05385.jpeg,1
DSC05385.jpeg,1
DSC05385.jpeg,1
DSC05385.jpeg,1
DSC05385.jpeg,1
DSC05385.jpeg,1
DSC05385.jpeg,1
DSC05385.jpeg,1
DSC05385.jpeg,1
DSC05385.jpeg,1
DSC05385.jpeg,1
DSC05385.jpeg,1
DSC05385.jpeg,1
DSC05385.jpeg,1
DSC05385.jpeg,1
DSC05385.jpeg,1
DSC05385.jpeg,1
DSC05385.jpeg,1
DSC05386.jpeg,1
DSC05386.jpeg,1
DSC05386.jpeg,1
DSC05386.jpeg,1
DSC05386.jpeg,1
DSC05386.jpeg,1
DSC05386.jpeg,1
DSC05386.jpeg,1
DSC05386.jpeg,1
DSC05386.jpeg,1
DSC05386.jpeg,1
DSC05386.jpeg,1
DSC05386.jpeg,1
DSC05386.jpeg,1
DSC05386.jpeg,1
DSC05386.jpeg,1
DSC05386.jpeg,1
DSC05386.jpeg,1
DSC05387.jpeg,1
DSC05387.jpeg,1
DSC05387.jpeg,1
DSC05387.jpeg,1
DSC05387.jpeg,1
DSC05387.jpeg,1
DSC05387.jpeg,1
DSC05387.jpeg,1
DSC05387.jpeg,1
DSC05387.jpeg,1
DSC05387.jpeg,1
DSC05387.jpeg,1
DSC05387.jpeg,1
DSC05387.jpeg,1
DSC05387.jpeg,1
DSC05387.jpeg,1
DSC05387.jpeg,1
DSC05387.jpeg,1
DSC05387.jpeg,1
DSC05387.jpeg,1
DSC05387.jpeg,1
DSC05389.jpeg,1
DSC05389.jpeg,1
DSC05389.jpeg,1
DSC05389.jpeg,1
DSC05389.jpeg,1
DSC05389.jpeg,1
DSC05389.jpeg,1
DSC05389.jpeg,1
DSC05389.jpeg,1
DSC05389.jpeg,1
DSC05389.jpeg,1
DSC05389.jpeg,1
DSC05389.jpeg,1
DSC05389.jpeg,1
DSC05389.jpeg,1
DSC05389.jpeg,1
DSC05389.jpeg,1
DSC05389.jpeg,1
DSC05389.jpeg,1
DSC05389.jpeg,1
DSC05389.jpeg,1
DSC05390.jpeg,1
DSC05390.jpeg,1
DSC05390.jpeg,1
DSC05390.jpeg,1
DSC05390.jpeg,1
DSC05390.jpeg,1
DSC05390.jpeg,1
DSC05390.jpeg,1
DSC05390.jpeg,1
DSC05390.jpeg,1
DSC05390.jpeg,1
DSC05390.jpeg,1
DSC05390.jpeg,1
DSC05390.jpeg,1
DSC05390.jpeg,1
DSC05390.jpeg,1
DSC05390.jpeg,1
DSC05390.jpeg,1
DSC05390.jpeg,1
DSC05390.jpeg,1
DSC05390.jpeg,1
DSC05391.jpeg,1
DSC05391.jpeg,2
DSC05391.jpeg,1
DSC05391.jpeg,3
DSC05391.jpeg,1
DSC05391.jpeg,1
DSC05391.jpeg,4
DSC05391.jpeg,1
DSC05391.jpeg,1
DSC05391.jpeg,2
DSC05391.jpeg,1
DSC05391.jpeg,1
DSC05391.jpeg,1
DSC05391.jpeg,1
DSC05391.jpeg,1
DSC05391.jpeg,2
DSC05391.jpeg,2
DSC05391.jpeg,1
DSC05392.jpeg,1
DSC05392.jpeg,2
DSC05392.jpeg,1
DSC05392.jpeg,3
DSC05392.jpeg,1
DSC05392.jpeg,1
DSC05392.jpeg,4
DSC05392.jpeg,1
DSC05392.jpeg,1
DSC05392.jpeg,2
DSC05392.jpeg,1
DSC05392.jpeg,1
DSC05392.jpeg,1
DSC05392.jpeg,1
DSC05392.jpeg,1
DSC05392.jpeg,2
DSC05392.jpeg,2
DSC05392.jpeg,1
DSC05393.jpeg,1
DSC05393.jpeg,2
DSC05393.jpeg,1
DSC05393.jpeg,3
DSC05393.jpeg,1
DSC05393.jpeg,1
DSC05393.jpeg,4
DSC05393.jpeg,1
DSC05393.jpeg,1
DSC05393.jpeg,2
DSC05393.jpeg,1
DSC05393.jpeg,1
DSC05393.jpeg,1
DSC05393.jpeg,1
DSC05393.jpeg,1
DSC05393.jpeg,2
DSC05393.jpeg,2
DSC05393.jpeg,1
DSC05394.jpeg,3
DSC05394.jpeg,1
DSC05394.jpeg,1
DSC05394.jpeg,1
DSC05394.jpeg,1
DSC05394.jpeg,1
DSC05394.jpeg,1
DSC05394.jpeg,1
DSC05394.jpeg,2
DSC05394.jpeg,1
DSC05394.jpeg,2
DSC05394.jpeg,1
DSC05394.jpeg,2
DSC05394.jpeg,2
DSC05394.jpeg,2
DSC05394.jpeg,1
DSC05394.jpeg,1
DSC05394.jpeg,1
DSC05395.jpeg,3
DSC05395.jpeg,1
DSC05395.jpeg,1
DSC05395.jpeg,2
DSC05395.jpeg,1
DSC05395.jpeg,1
DSC05395.jpeg,1
DSC05395.jpeg,1
DSC05395.jpeg,2
DSC05395.jpeg,1
DSC05395.jpeg,2
DSC05395.jpeg,1
DSC05395.jpeg,1
DSC05395.jpeg,2
DSC05395.jpeg,2
DSC05395.jpeg,1
DSC05395.jpeg,1
DSC05395.jpeg,1
DSC05398.jpeg,3
DSC05398.jpeg,1
DSC05398.jpeg,1
DSC05398.jpeg,1
DSC05398.jpeg,1
DSC05398.jpeg,1
DSC05398.jpeg,1
DSC05398.jpeg,1
DSC05398.jpeg,2
DSC05398.jpeg,1
DSC05398.jpeg,2
DSC05398.jpeg,1
DSC05398.jpeg,1
DSC05398.jpeg,2
DSC05398.jpeg,2
DSC05398.jpeg,1
DSC05398.jpeg,1
DSC05398.jpeg,1
DSC05399.jpeg,1
DSC05399.jpeg,1
DSC05399.jpeg,3
DSC05399.jpeg,2
DSC05399.jpeg,2
DSC05399.jpeg,1
DSC05399.jpeg,1
DSC05399.jpeg,2
DSC05399.jpeg,2
DSC05399.jpeg,2
DSC05399.jpeg,1
DSC05399.jpeg,2
DSC05399.jpeg,1
DSC05399.jpeg,1
DSC05399.jpeg,1
DSC05399.jpeg,2
DSC05399.jpeg,1
DSC05399.jpeg,1
DSC05400.jpeg,1
DSC05400.jpeg,1
DSC05400.jpeg,3
DSC05400.jpeg,2
DSC05400.jpeg,2
DSC05400.jpeg,1
DSC05400.jpeg,1
DSC05400.jpeg,2
DSC05400.jpeg,2
DSC05400.jpeg,2
DSC05400.jpeg,1
DSC05400.jpeg,2
DSC05400.jpeg,1
DSC05400.jpeg,2
DSC05400.jpeg,2
DSC05400.jpeg,2
DSC05400.jpeg,1
DSC05400.jpeg,1
DSC05401.jpeg,1
DSC05401.jpeg,1
DSC05401.jpeg,3
DSC05401.jpeg,2
DSC05401.jpeg,2
DSC05401.jpeg,1
DSC05401.jpeg,1
DSC05401.jpeg,2
DSC05401.jpeg,2
DSC05401.jpeg,2
DSC05401.jpeg,1
DSC05401.jpeg,2
DSC05401.jpeg,1
DSC05401.jpeg,1
DSC05401.jpeg,1
DSC05401.jpeg,2
DSC05401.jpeg,1
DSC05401.jpeg,1
DSC05402.jpeg,1
DSC05402.jpeg,1
DSC05402.jpeg,3
DSC05402.jpeg,2
DSC05402.jpeg,2
DSC05402.jpeg,1
DSC05402.jpeg,1
DSC05402.jpeg,2
DSC05402.jpeg,2
DSC05402.jpeg,2
DSC05402.jpeg,1
DSC05402.jpeg,2
DSC05402.jpeg,1
DSC05402.jpeg,1
DSC05402.jpeg,1
DSC05402.jpeg,2
DSC05402.jpeg,1
DSC05402.jpeg,1
DSC05403.jpeg,1
DSC05403.jpeg,1
DSC05403.jpeg,3
DSC05403.jpeg,2
DSC05403.jpeg,2
DSC05403.jpeg,1
DSC05403.jpeg,1
DSC05403.jpeg,2
DSC05403.jpeg,2
DSC05403.jpeg,2
DSC05403.jpeg,1
DSC05403.jpeg,2
DSC05403.jpeg,1
DSC05403.jpeg,1
DSC05403.jpeg,1
DSC05403.jpeg,2
DSC05403.jpeg,1
DSC05403.jpeg,1
DSC05405.jpeg,2
DSC05405.jpeg,1
DSC05405.jpeg,1
DSC05405.jpeg,1
DSC05405.jpeg,2
DSC05405.jpeg,2
DSC05405.jpeg,1
DSC05405.jpeg,1
DSC05405.jpeg,2
DSC05405.jpeg,2
DSC05405.jpeg,2
DSC05405.jpeg,2
DSC05405.jpeg,2
DSC05405.jpeg,2
DSC05405.jpeg,1
DSC05405.jpeg,2
DSC05405.jpeg,2
DSC05405.jpeg,2
DSC05405.jpeg,2
DSC05405.jpeg,1
DSC05405.jpeg,2
DSC05406.jpeg,2
DSC05406.jpeg,1
DSC05406.jpeg,1
DSC05406.jpeg,1
DSC05406.jpeg,2
DSC05406.jpeg,2
DSC05406.jpeg,1
DSC05406.jpeg,1
DSC05406.jpeg,2
DSC05406.jpeg,2
DSC05406.jpeg,2
DSC05406.jpeg,1
DSC05406.jpeg,2
DSC05406.jpeg,2
DSC05406.jpeg,1
DSC05406.jpeg,1
DSC05406.jpeg,2
DSC05406.jpeg,2
DSC05406.jpeg,2
DSC05406.jpeg,1
DSC05406.jpeg,2
DSC05408.jpeg,1
DSC05408.jpeg,1
DSC05408.jpeg,1
DSC05408.jpeg,1
DSC05408.jpeg,2
DSC05408.jpeg,1
DSC05408.jpeg,1
DSC05408.jpeg,1
DSC05408.jpeg,1
DSC05408.jpeg,1
DSC05408.jpeg,1
DSC05408.jpeg,3
DSC05408.jpeg,1
DSC05408.jpeg,1
DSC05408.jpeg,1
DSC05408.jpeg,1
DSC05408.jpeg,2
DSC05408.jpeg,2
DSC05409.jpeg,1
DSC05409.jpeg,1
DSC05409.jpeg,1
DSC05409.jpeg,1
DSC05409.jpeg,2
DSC05409.jpeg,1
DSC05409.jpeg,1
DSC05409.jpeg,1
DSC05409.jpeg,1
DSC05409.jpeg,1
DSC05409.jpeg,1
DSC05409.jpeg,3
DSC05409.jpeg,1
DSC05409.jpeg,2
DSC05409.jpeg,1
DSC05409.jpeg,1
DSC05409.jpeg,2
DSC05409.jpeg,2
DSC05410.jpeg,1
DSC05410.jpeg,1
DSC05410.jpeg,1
DSC05410.jpeg,1
DSC05410.jpeg,1
DSC05410.jpeg,1
DSC05410.jpeg,1
DSC05410.jpeg,2
DSC05410.jpeg,1
DSC05410.jpeg,1
DSC05410.jpeg,1
DSC05410.jpeg,2
DSC05410.jpeg,1
DSC05410.jpeg,1
DSC05410.jpeg,1
DSC05410.jpeg,2
DSC05410.jpeg,1
DSC05410.jpeg,1
DSC05411.jpeg,1
DSC05411.jpeg,1
DSC05411.jpeg,1
DSC05411.jpeg,1
DSC05411.jpeg,1
DSC05411.jpeg,1
DSC05411.jpeg,1
DSC05411.jpeg,2
DSC05411.jpeg,1
DSC05411.jpeg,1
DSC05411.jpeg,1
DSC05411.jpeg,2
DSC05411.jpeg,1
DSC05411.jpeg,1
DSC05411.jpeg,1
DSC05411.jpeg,2
DSC05411.jpeg,1
DSC05411.jpeg,1
DSC05413.jpeg,1
DSC05413.jpeg,1
DSC05413.jpeg,1
DSC05413.jpeg,1
DSC05413.jpeg,1
DSC05413.jpeg,1
DSC05413.jpeg,1
DSC05413.jpeg,2
DSC05413.jpeg,1
DSC05413.jpeg,1
DSC05413.jpeg,1
DSC05413.jpeg,2
DSC05413.jpeg,1
DSC05413.jpeg,1
DSC05413.jpeg,1
DSC05413.jpeg,2
DSC05413.jpeg,1
DSC05413.jpeg,1
DSC05414.jpeg,1
DSC05414.jpeg,1
DSC05414.jpeg,1
DSC05414.jpeg,1
DSC05414.jpeg,1
DSC05414.jpeg,1
DSC05414.jpeg,1
DSC05414.jpeg,2
DSC05414.jpeg,1
DSC05414.jpeg,1
DSC05414.jpeg,1
DSC05414.jpeg,2
DSC05414.jpeg,1
DSC05414.jpeg,1
DSC05414.jpeg,1
DSC05414.jpeg,2
DSC05414.jpeg,1
DSC05414.jpeg,1
DSC05415.jpeg,1
DSC05415.jpeg,1
DSC05415.jpeg,1
DSC05415.jpeg,3
DSC05415.jpeg,1
DSC05415.jpeg,1
DSC05415.jpeg,1
DSC05415.jpeg,1
DSC05415.jpeg,1
DSC05415.jpeg,1
DSC05415.jpeg,1
DSC05415.jpeg,1
DSC05415.jpeg,1
DSC05415.jpeg,1
DSC05415.jpeg,3
DSC05415.jpeg,1
DSC05415.jpeg,1
DSC05415.jpeg,1
DSC05416.jpeg,1
DSC05416.jpeg,1
DSC05416.jpeg,1
DSC05416.jpeg,3
DSC05416.jpeg,1
DSC05416.jpeg,1
DSC05416.jpeg,1
DSC05416.jpeg,1
DSC05416.jpeg,1
DSC05416.jpeg,1
DSC05416.jpeg,1
DSC05416.jpeg,1
DSC05416.jpeg,1
DSC05416.jpeg,1
DSC05416.jpeg,3
DSC05416.jpeg,1
DSC05416.jpeg,1
DSC05416.jpeg,1
DSC05418.jpeg,1
DSC05418.jpeg,1
DSC05418.jpeg,1
DSC05418.jpeg,3
DSC05418.jpeg,1
DSC05418.jpeg,1
DSC05418.jpeg,1
DSC05418.jpeg,1
DSC05418.jpeg,1
DSC05418.jpeg,1
DSC05418.jpeg,1
DSC05418.jpeg,1
DSC05418.jpeg,1
DSC05418.jpeg,1
DSC05418.jpeg,3
DSC05418.jpeg,1
DSC05418.jpeg,1
DSC05418.jpeg,1
DSC05419.jpeg,1
DSC05419.jpeg,1
DSC05419.jpeg,1
DSC05419.jpeg,3
DSC05419.jpeg,1
DSC05419.jpeg,1
DSC05419.jpeg,1
DSC05419.jpeg,1
DSC05419.jpeg,1
DSC05419.jpeg,1
DSC05419.jpeg,1
DSC05419.jpeg,1
DSC05419.jpeg,1
DSC05419.jpeg,1
DSC05419.jpeg,2
DSC05419.jpeg,1
DSC05419.jpeg,1
DSC05419.jpeg,1
DSC05421.jpeg,1
DSC05421.jpeg,1
DSC05421.jpeg,1
DSC05421.jpeg,1
DSC05421.jpeg,4
DSC05421.jpeg,1
DSC05421.jpeg,1
DSC05421.jpeg,1
DSC05421.jpeg,1
DSC05421.jpeg,3
DSC05421.jpeg,1
DSC05421.jpeg,1
DSC05421.jpeg,3
DSC05421.jpeg,1
DSC05421.jpeg,1
DSC05421.jpeg,1
DSC05421.jpeg,1
DSC05421.jpeg,1
DSC05421.jpeg,1
DSC05421.jpeg,1
DSC05421.jpeg,3
DSC05422.jpeg,1
DSC05422.jpeg,1
DSC05422.jpeg,1
DSC05422.jpeg,1
DSC05422.jpeg,5
DSC05422.jpeg,1
DSC05422.jpeg,1
DSC05422.jpeg,1
DSC05422.jpeg,1
DSC05422.jpeg,3
DSC05422.jpeg,1
DSC05422.jpeg,1
DSC05422.jpeg,3
DSC05422.jpeg,1
DSC05422.jpeg,1
DSC05422.jpeg,1
DSC05422.jpeg,1
DSC05422.jpeg,1
DSC05422.jpeg,1
DSC05422.jpeg,1
DSC05422.jpeg,3
DSC05423.jpeg,1
DSC05423.jpeg,1
DSC05423.jpeg,1
DSC05423.jpeg,1
DSC05423.jpeg,5
DSC05423.jpeg,1
DSC05423.jpeg,1
DSC05423.jpeg,1
DSC05423.jpeg,1
DSC05423.jpeg,3
DSC05423.jpeg,1
DSC05423.jpeg,1
DSC05423.jpeg,3
DSC05423.jpeg,1
DSC05423.jpeg,1
DSC05423.jpeg,1
DSC05423.jpeg,1
DSC05423.jpeg,1
DSC05423.jpeg,1
DSC05423.jpeg,1
DSC05423.jpeg,3
DSC05426.jpeg,2
DSC05426.jpeg,2
DSC05426.jpeg,1
DSC05426.jpeg,5
DSC05426.jpeg,1
DSC05426.jpeg,3
DSC05426.jpeg,1
DSC05426.jpeg,2
DSC05426.jpeg,1
DSC05426.jpeg,1
DSC05426.jpeg,1
DSC05426.jpeg,2
DSC05426.jpeg,1
DSC05426.jpeg,2
DSC05426.jpeg,1
DSC05426.jpeg,1
DSC05426.jpeg,1
DSC05426.jpeg,2
DSC05427.jpeg,2
DSC05427.jpeg,2
DSC05427.jpeg,1
DSC05427.jpeg,5
DSC05427.jpeg,2
DSC05427.jpeg,2
DSC05427.jpeg,1
DSC05427.jpeg,2
DSC05427.jpeg,1
DSC05427.jpeg,1
DSC05427.jpeg,1
DSC05427.jpeg,2
DSC05427.jpeg,1
DSC05427.jpeg,2
DSC05427.jpeg,1
DSC05427.jpeg,1
DSC05427.jpeg,1
DSC05427.jpeg,2
DSC05429.jpeg,2
DSC05429.jpeg,2
DSC05429.jpeg,1
DSC05429.jpeg,4
DSC05429.jpeg,2
DSC05429.jpeg,3
DSC05429.jpeg,1
DSC05429.jpeg,2
DSC05429.jpeg,1
DSC05429.jpeg,1
DSC05429.jpeg,1
DSC05429.jpeg,2
DSC05429.jpeg,1
DSC05429.jpeg,2
DSC05429.jpeg,1
DSC05429.jpeg,1
DSC05429.jpeg,1
DSC05429.jpeg,2
DSC05431.jpeg,2
DSC05431.jpeg,2
DSC05431.jpeg,1
DSC05431.jpeg,5
DSC05431.jpeg,2
DSC05431.jpeg,3
DSC05431.jpeg,1
DSC05431.jpeg,2
DSC05431.jpeg,1
DSC05431.jpeg,1
DSC05431.jpeg,1
DSC05431.jpeg,2
DSC05431.jpeg,1
DSC05431.jpeg,2
DSC05431.jpeg,1
DSC05431.jpeg,1
DSC05431.jpeg,1
DSC05431.jpeg,2
DSC05432.jpeg,2
DSC05432.jpeg,2
DSC05432.jpeg,1
DSC05432.jpeg,5
DSC05432.jpeg,2
DSC05432.jpeg,2
DSC05432.jpeg,1
DSC05432.jpeg,2
DSC05432.jpeg,1
DSC05432.jpeg,1
DSC05432.jpeg,1
DSC05432.jpeg,2
DSC05432.jpeg,1
DSC05432.jpeg,2
DSC05432.jpeg,1
DSC05432.jpeg,1
DSC05432.jpeg,1
DSC05432.jpeg,2
DSC05433.jpeg,2
DSC05433.jpeg,2
DSC05433.jpeg,1
DSC05433.jpeg,5
DSC05433.jpeg,2
DSC05433.jpeg,2
DSC05433.jpeg,1
DSC05433.jpeg,2
DSC05433.jpeg,1
DSC05433.jpeg,1
DSC05433.jpeg,1
DSC05433.jpeg,2
DSC05433.jpeg,1
DSC05433.jpeg,2
DSC05433.jpeg,1
DSC05433.jpeg,1
DSC05433.jpeg,1
DSC05433.jpeg,2
DSC05440.jpeg,1
DSC05440.jpeg,1
DSC05440.jpeg,1
DSC05440.jpeg,5
DSC05440.jpeg,1
DSC05440.jpeg,1
DSC05440.jpeg,2
DSC05440.jpeg,1
DSC05440.jpeg,2
DSC05440.jpeg,1
DSC05440.jpeg,1
DSC05440.jpeg,1
DSC05440.jpeg,5
DSC05440.jpeg,1
DSC05440.jpeg,2
DSC05440.jpeg,1
DSC05440.jpeg,1
DSC05440.jpeg,2
DSC05441.jpeg,1
DSC05441.jpeg,1
DSC05441.jpeg,1
DSC05441.jpeg,4
DSC05441.jpeg,1
DSC05441.jpeg,1
DSC05441.jpeg,2
DSC05441.jpeg,1
DSC05441.jpeg,2
DSC05441.jpeg,1
DSC05441.jpeg,1
DSC05441.jpeg,1
DSC05441.jpeg,5
DSC05441.jpeg,1
DSC05441.jpeg,2
DSC05441.jpeg,1
DSC05441.jpeg,1
DSC05441.jpeg,2
DSC05442.jpeg,1
DSC05442.jpeg,1
DSC05442.jpeg,1
DSC05442.jpeg,5
DSC05442.jpeg,1
DSC05442.jpeg,1
DSC05442.jpeg,2
DSC05442.jpeg,1
DSC05442.jpeg,2
DSC05442.jpeg,1
DSC05442.jpeg,1
DSC05442.jpeg,1
DSC05442.jpeg,5
DSC05442.jpeg,1
DSC05442.jpeg,2
DSC05442.jpeg,1
DSC05442.jpeg,1
DSC05442.jpeg,2
DSC05443.jpeg,1
DSC05443.jpeg,1
DSC05443.jpeg,1
DSC05443.jpeg,5
DSC05443.jpeg,1
DSC05443.jpeg,1
DSC05443.jpeg,2
DSC05443.jpeg,1
DSC05443.jpeg,2
DSC05443.jpeg,1
DSC05443.jpeg,1
DSC05443.jpeg,1
DSC05443.jpeg,5
DSC05443.jpeg,1
DSC05443.jpeg,2
DSC05443.jpeg,1
DSC05443.jpeg,1
DSC05443.jpeg,2
DSC05444.jpeg,1
DSC05444.jpeg,1
DSC05444.jpeg,1
DSC05444.jpeg,4
DSC05444.jpeg,1
DSC05444.jpeg,1
DSC05444.jpeg,2
DSC05444.jpeg,1
DSC05444.jpeg,2
DSC05444.jpeg,1
DSC05444.jpeg,1
DSC05444.jpeg,1
DSC05444.jpeg,5
DSC05444.jpeg,1
DSC05444.jpeg,2
DSC05444.jpeg,1
DSC05444.jpeg,1
DSC05444.jpeg,2
DSC05445.jpeg,1
DSC05445.jpeg,1
DSC05445.jpeg,1
DSC05445.jpeg,5
DSC05445.jpeg,1
DSC05445.jpeg,1
DSC05445.jpeg,2
DSC05445.jpeg,1
DSC05445.jpeg,2
DSC05445.jpeg,1
DSC05445.jpeg,1
DSC05445.jpeg,1
DSC05445.jpeg,5
DSC05445.jpeg,1
DSC05445.jpeg,2
DSC05445.jpeg,1
DSC05445.jpeg,1
DSC05445.jpeg,2
DSC05446.jpeg,1
DSC05446.jpeg,1
DSC05446.jpeg,1
DSC05446.jpeg,3
DSC05446.jpeg,5
DSC05446.jpeg,1
DSC05446.jpeg,1
DSC05446.jpeg,1
DSC05446.jpeg,1
DSC05446.jpeg,2
DSC05446.jpeg,1
DSC05446.jpeg,1
DSC05446.jpeg,1
DSC05446.jpeg,1
DSC05446.jpeg,1
DSC05446.jpeg,2
DSC05446.jpeg,1
DSC05446.jpeg,3
DSC05447.jpeg,1
DSC05447.jpeg,1
DSC05447.jpeg,1
DSC05447.jpeg,3
DSC05447.jpeg,5
DSC05447.jpeg,1
DSC05447.jpeg,1
DSC05447.jpeg,1
DSC05447.jpeg,1
DSC05447.jpeg,2
DSC05447.jpeg,1
DSC05447.jpeg,1
DSC05447.jpeg,1
DSC05447.jpeg,1
DSC05447.jpeg,1
DSC05447.jpeg,2
DSC05447.jpeg,1
DSC05447.jpeg,3
DSC05448.jpeg,1
DSC05448.jpeg,1
DSC05448.jpeg,1
DSC05448.jpeg,2
DSC05448.jpeg,5
DSC05448.jpeg,1
DSC05448.jpeg,1
DSC05448.jpeg,1
DSC05448.jpeg,1
DSC05448.jpeg,2
DSC05448.jpeg,1
DSC05448.jpeg,1
DSC05448.jpeg,1
DSC05448.jpeg,1
DSC05448.jpeg,1
DSC05448.jpeg,2
DSC05448.jpeg,1
DSC05448.jpeg,2
DSC05449.jpeg,1
DSC05449.jpeg,1
DSC05449.jpeg,1
DSC05449.jpeg,2
DSC05449.jpeg,5
DSC05449.jpeg,1
DSC05449.jpeg,1
DSC05449.jpeg,1
DSC05449.jpeg,1
DSC05449.jpeg,2
DSC05449.jpeg,1
DSC05449.jpeg,1
DSC05449.jpeg,1
DSC05449.jpeg,1
DSC05449.jpeg,1
DSC05449.jpeg,2
DSC05449.jpeg,1
DSC05449.jpeg,3
DSC05450.jpeg,1
DSC05450.jpeg,2
DSC05450.jpeg,1
DSC05450.jpeg,1
DSC05450.jpeg,2
DSC05450.jpeg,1
DSC05450.jpeg,1
DSC05450.jpeg,1
DSC05450.jpeg,1
DSC05450.jpeg,1
DSC05450.jpeg,1
DSC05450.jpeg,1
DSC05450.jpeg,2
DSC05450.jpeg,1
DSC05450.jpeg,1
DSC05450.jpeg,1
DSC05450.jpeg,2
DSC05450.jpeg,1
DSC05450.jpeg,2
DSC05450.jpeg,1
DSC05450.jpeg,2
DSC05451.jpeg,1
DSC05451.jpeg,2
DSC05451.jpeg,1
DSC05451.jpeg,1
DSC05451.jpeg,2
DSC05451.jpeg,1
DSC05451.jpeg,1
DSC05451.jpeg,1
DSC05451.jpeg,1
DSC05451.jpeg,1
DSC05451.jpeg,1
DSC05451.jpeg,1
DSC05451.jpeg,3
DSC05451.jpeg,1
DSC05451.jpeg,1
DSC05451.jpeg,1
DSC05451.jpeg,4
DSC05451.jpeg,1
DSC05451.jpeg,3
DSC05451.jpeg,1
DSC05451.jpeg,3
DSC05452.jpeg,1
DSC05452.jpeg,4
DSC05452.jpeg,1
DSC05452.jpeg,1
DSC05452.jpeg,4
DSC05452.jpeg,1
DSC05452.jpeg,1
DSC05452.jpeg,1
DSC05452.jpeg,1
DSC05452.jpeg,1
DSC05452.jpeg,1
DSC05452.jpeg,1
DSC05452.jpeg,3
DSC05452.jpeg,1
DSC05452.jpeg,1
DSC05452.jpeg,1
DSC05452.jpeg,4
DSC05452.jpeg,1
DSC05452.jpeg,4
DSC05452.jpeg,1
DSC05452.jpeg,2
DSC05453.jpeg,1
DSC05453.jpeg,2
DSC05453.jpeg,1
DSC05453.jpeg,1
DSC05453.jpeg,2
DSC05453.jpeg,1
DSC05453.jpeg,1
DSC05453.jpeg,1
DSC05453.jpeg,1
DSC05453.jpeg,1
DSC05453.jpeg,1
DSC05453.jpeg,1
DSC05453.jpeg,3
DSC05453.jpeg,1
DSC05453.jpeg,1
DSC05453.jpeg,1
DSC05453.jpeg,4
DSC05453.jpeg,1
DSC05453.jpeg,3
DSC05453.jpeg,1
DSC05453.jpeg,2
DSC05454.jpeg,1
DSC05454.jpeg,2
DSC05454.jpeg,1
DSC05454.jpeg,1
DSC05454.jpeg,2
DSC05454.jpeg,1
DSC05454.jpeg,1
DSC05454.jpeg,1
DSC05454.jpeg,1
DSC05454.jpeg,1
DSC05454.jpeg,1
DSC05454.jpeg,1
DSC05454.jpeg,3
DSC05454.jpeg,1
DSC05454.jpeg,1
DSC05454.jpeg,1
DSC05454.jpeg,2
DSC05454.jpeg,1
DSC05454.jpeg,3
DSC05454.jpeg,1
DSC05454.jpeg,2
DSC05455.jpeg,1
DSC05455.jpeg,4
DSC05455.jpeg,1
DSC05455.jpeg,1
DSC05455.jpeg,2
DSC05455.jpeg,1
DSC05455.jpeg,1
DSC05455.jpeg,1
DSC05455.jpeg,1
DSC05455.jpeg,1
DSC05455.jpeg,1
DSC05455.jpeg,1
DSC05455.jpeg,3
DSC05455.jpeg,1
DSC05455.jpeg,1
DSC05455.jpeg,1
DSC05455.jpeg,3
DSC05455.jpeg,1
DSC05455.jpeg,3
DSC05455.jpeg,1
DSC05455.jpeg,2
DSC05457.jpeg,1
DSC05457.jpeg,2
DSC05457.jpeg,1
DSC05457.jpeg,1
DSC05457.jpeg,2
DSC05457.jpeg,1
DSC05457.jpeg,1
DSC05457.jpeg,1
DSC05457.jpeg,1
DSC05457.jpeg,1
DSC05457.jpeg,1
DSC05457.jpeg,1
DSC05457.jpeg,2
DSC05457.jpeg,1
DSC05457.jpeg,1
DSC05457.jpeg,1
DSC05457.jpeg,3
DSC05457.jpeg,1
DSC05457.jpeg,3
DSC05457.jpeg,1
DSC05457.jpeg,2
DSC05458.jpeg,2
DSC05458.jpeg,1
DSC05458.jpeg,1
DSC05458.jpeg,3
DSC05458.jpeg,2
DSC05458.jpeg,1
DSC05458.jpeg,1
DSC05458.jpeg,1
DSC05458.jpeg,3
DSC05458.jpeg,2
DSC05458.jpeg,1
DSC05458.jpeg,2
DSC05458.jpeg,2
DSC05458.jpeg,2
DSC05458.jpeg,2
DSC05458.jpeg,2
DSC05458.jpeg,1
DSC05458.jpeg,1
DSC05459.jpeg,2
DSC05459.jpeg,1
DSC05459.jpeg,1
DSC05459.jpeg,3
DSC05459.jpeg,2
DSC05459.jpeg,2
DSC05459.jpeg,1
DSC05459.jpeg,1
DSC05459.jpeg,3
DSC05459.jpeg,2
DSC05459.jpeg,1
DSC05459.jpeg,2
DSC05459.jpeg,1
DSC05459.jpeg,2
DSC05459.jpeg,2
DSC05459.jpeg,2
DSC05459.jpeg,1
DSC05459.jpeg,1
DSC05460.jpeg,2
DSC05460.jpeg,2
DSC05460.jpeg,1
DSC05460.jpeg,3
DSC05460.jpeg,2
DSC05460.jpeg,1
DSC05460.jpeg,1
DSC05460.jpeg,1
DSC05460.jpeg,3
DSC05460.jpeg,2
DSC05460.jpeg,1
DSC05460.jpeg,2
DSC05460.jpeg,1
DSC05460.jpeg,2
DSC05460.jpeg,2
DSC05460.jpeg,2
DSC05460.jpeg,1
DSC05460.jpeg,1
DSC05461.jpeg,2
DSC05461.jpeg,2
DSC05461.jpeg,1
DSC05461.jpeg,4
DSC05461.jpeg,2
DSC05461.jpeg,1
DSC05461.jpeg,1
DSC05461.jpeg,1
DSC05461.jpeg,3
DSC05461.jpeg,2
DSC05461.jpeg,1
DSC05461.jpeg,2
DSC05461.jpeg,1
DSC05461.jpeg,2
DSC05461.jpeg,2
DSC05461.jpeg,2
DSC05461.jpeg,1
DSC05461.jpeg,1
DSC05462.jpeg,1
DSC05462.jpeg,2
DSC05462.jpeg,1
DSC05462.jpeg,1
DSC05462.jpeg,1
DSC05462.jpeg,1
DSC05462.jpeg,2
DSC05462.jpeg,1
DSC05462.jpeg,1
DSC05462.jpeg,1
DSC05462.jpeg,4
DSC05462.jpeg,3
DSC05462.jpeg,1
DSC05462.jpeg,1
DSC05462.jpeg,1
DSC05462.jpeg,2
DSC05462.jpeg,2
DSC05462.jpeg,1
DSC05463.jpeg,1
DSC05463.jpeg,2
DSC05463.jpeg,1
DSC05463.jpeg,1
DSC05463.jpeg,1
DSC05463.jpeg,1
DSC05463.jpeg,2
DSC05463.jpeg,1
DSC05463.jpeg,1
DSC05463.jpeg,1
DSC05463.jpeg,4
DSC05463.jpeg,4
DSC05463.jpeg,1
DSC05463.jpeg,1
DSC05463.jpeg,1
DSC05463.jpeg,2
DSC05463.jpeg,2
DSC05463.jpeg,1
DSC05464.jpeg,1
DSC05464.jpeg,1
DSC05464.jpeg,1
DSC05464.jpeg,1
DSC05464.jpeg,1
DSC05464.jpeg,2
DSC05464.jpeg,2
DSC05464.jpeg,2
DSC05464.jpeg,2
DSC05464.jpeg,2
DSC05464.jpeg,1
DSC05464.jpeg,2
DSC05464.jpeg,2
DSC05464.jpeg,2
DSC05464.jpeg,1
DSC05464.jpeg,2
DSC05464.jpeg,1
DSC05464.jpeg,2
DSC05466.jpeg,2
DSC05466.jpeg,1
DSC05466.jpeg,1
DSC05466.jpeg,1
DSC05466.jpeg,1
DSC05466.jpeg,2
DSC05466.jpeg,2
DSC05466.jpeg,2
DSC05466.jpeg,2
DSC05466.jpeg,2
DSC05466.jpeg,1
DSC05466.jpeg,2
DSC05466.jpeg,2
DSC05466.jpeg,2
DSC05466.jpeg,1
DSC05466.jpeg,2
DSC05466.jpeg,1
DSC05466.jpeg,2
DSC05467.jpeg,1
DSC05467.jpeg,1
DSC05467.jpeg,1
DSC05467.jpeg,1
DSC05467.jpeg,1
DSC05467.jpeg,2
DSC05467.jpeg,2
DSC05467.jpeg,2
DSC05467.jpeg,2
DSC05467.jpeg,2
DSC05467.jpeg,1
DSC05467.jpeg,2
DSC05467.jpeg,2
DSC05467.jpeg,2
DSC05467.jpeg,1
DSC05467.jpeg,2
DSC05467.jpeg,2
DSC05467.jpeg,2
DSC05468.jpeg,1
DSC05468.jpeg,2
DSC05468.jpeg,1
DSC05468.jpeg,2
DSC05468.jpeg,2
DSC05468.jpeg,2
DSC05468.jpeg,2
DSC05468.jpeg,3
DSC05468.jpeg,1
DSC05468.jpeg,3
DSC05468.jpeg,2
DSC05468.jpeg,1
DSC05468.jpeg,2
DSC05468.jpeg,1
DSC05468.jpeg,4
DSC05468.jpeg,1
DSC05468.jpeg,1
DSC05468.jpeg,1
DSC05468.jpeg,1
DSC05468.jpeg,1
DSC05468.jpeg,1
DSC05469.jpeg,1
DSC05469.jpeg,2
DSC05469.jpeg,1
DSC05469.jpeg,2
DSC05469.jpeg,2
DSC05469.jpeg,2
DSC05469.jpeg,2
DSC05469.jpeg,3
DSC05469.jpeg,1
DSC05469.jpeg,3
DSC05469.jpeg,2
DSC05469.jpeg,1
DSC05469.jpeg,2
DSC05469.jpeg,2
DSC05469.jpeg,4
DSC05469.jpeg,2
DSC05469.jpeg,1
DSC05469.jpeg,1
DSC05469.jpeg,1
DSC05469.jpeg,1
DSC05469.jpeg,1
DSC05470.jpeg,1
DSC05470.jpeg,1
DSC05470.jpeg,2
DSC05470.jpeg,1
DSC05470.jpeg,2
DSC05470.jpeg,1
DSC05470.jpeg,1
DSC05470.jpeg,1
DSC05470.jpeg,1
DSC05470.jpeg,1
DSC05470.jpeg,1
DSC05470.jpeg,1
DSC05470.jpeg,1
DSC05470.jpeg,1
DSC05470.jpeg,1
DSC05470.jpeg,1
DSC05470.jpeg,2
DSC05470.jpeg,1
DSC05473.jpeg,1
DSC05473.jpeg,1
DSC05473.jpeg,2
DSC05473.jpeg,1
DSC05473.jpeg,2
DSC05473.jpeg,2
DSC05473.jpeg,1
DSC05473.jpeg,1
DSC05473.jpeg,1
DSC05473.jpeg,1
DSC05473.jpeg,1
DSC05473.jpeg,1
DSC05473.jpeg,1
DSC05473.jpeg,1
DSC05473.jpeg,1
DSC05473.jpeg,1
DSC05473.jpeg,2
DSC05473.jpeg,1
DSC05475.jpeg,1
DSC05475.jpeg,3
DSC05475.jpeg,3
DSC05475.jpeg,3
DSC05475.jpeg,1
DSC05475.jpeg,1
DSC05475.jpeg,1
DSC05475.jpeg,1
DSC05475.jpeg,1
DSC05475.jpeg,1
DSC05475.jpeg,1
DSC05475.jpeg,1
DSC05475.jpeg,1
DSC05475.jpeg,3
DSC05475.jpeg,3
DSC05475.jpeg,1
DSC05475.jpeg,1
DSC05475.jpeg,3
DSC05479.jpeg,1
DSC05479.jpeg,1
DSC05479.jpeg,1
DSC05479.jpeg,4
DSC05479.jpeg,2
DSC05479.jpeg,1
DSC05479.jpeg,1
DSC05479.jpeg,1
DSC05479.jpeg,2
DSC05479.jpeg,1
DSC05479.jpeg,1
DSC05479.jpeg,2
DSC05479.jpeg,1
DSC05479.jpeg,1
DSC05479.jpeg,1
DSC05479.jpeg,2
DSC05479.jpeg,1
DSC05479.jpeg,1
DSC05481.jpeg,1
DSC05481.jpeg,1
DSC05481.jpeg,2
DSC05481.jpeg,2
DSC05481.jpeg,1
DSC05481.jpeg,1
DSC05481.jpeg,1
DSC05481.jpeg,2
DSC05481.jpeg,2
DSC05481.jpeg,1
DSC05481.jpeg,1
DSC05481.jpeg,2
DSC05481.jpeg,1
DSC05481.jpeg,2
DSC05481.jpeg,1
DSC05481.jpeg,1
DSC05481.jpeg,2
DSC05481.jpeg,2
DSC05481.jpeg,1
DSC05481.jpeg,1
DSC05481.jpeg,2
DSC05482.jpeg,1
DSC05482.jpeg,1
DSC05482.jpeg,2
DSC05482.jpeg,2
DSC05482.jpeg,1
DSC05482.jpeg,1
DSC05482.jpeg,1
DSC05482.jpeg,2
DSC05482.jpeg,2
DSC05482.jpeg,1
DSC05482.jpeg,1
DSC05482.jpeg,2
DSC05482.jpeg,1
DSC05482.jpeg,2
DSC05482.jpeg,1
DSC05482.jpeg,1
DSC05482.jpeg,2
DSC05482.jpeg,2
DSC05482.jpeg,1
DSC05482.jpeg,1
DSC05482.jpeg,2
DSC05484.jpeg,1
DSC05484.jpeg,1
DSC05484.jpeg,2
DSC05484.jpeg,2
DSC05484.jpeg,1
DSC05484.jpeg,1
DSC05484.jpeg,1
DSC05484.jpeg,2
DSC05484.jpeg,2
DSC05484.jpeg,1
DSC05484.jpeg,1
DSC05484.jpeg,2
DSC05484.jpeg,1
DSC05484.jpeg,2
DSC05484.jpeg,1
DSC05484.jpeg,1
DSC05484.jpeg,2
DSC05484.jpeg,2
DSC05484.jpeg,1
DSC05484.jpeg,1
DSC05484.jpeg,2
DSC05485.jpeg,1
DSC05485.jpeg,1
DSC05485.jpeg,1
DSC05485.jpeg,2
DSC05485.jpeg,1
DSC05485.jpeg,1
DSC05485.jpeg,1
DSC05485.jpeg,2
DSC05485.jpeg,2
DSC05485.jpeg,1
DSC05485.jpeg,1
DSC05485.jpeg,2
DSC05485.jpeg,1
DSC05485.jpeg,2
DSC05485.jpeg,1
DSC05485.jpeg,1
DSC05485.jpeg,2
DSC05485.jpeg,1
DSC05485.jpeg,1
DSC05485.jpeg,1
DSC05485.jpeg,2
DSC05486.jpeg,1
DSC05486.jpeg,1
DSC05486.jpeg,2
DSC05486.jpeg,2
DSC05486.jpeg,1
DSC05486.jpeg,1
DSC05486.jpeg,1
DSC05486.jpeg,2
DSC05486.jpeg,2
DSC05486.jpeg,1
DSC05486.jpeg,1
DSC05486.jpeg,2
DSC05486.jpeg,1
DSC05486.jpeg,2
DSC05486.jpeg,1
DSC05486.jpeg,1
DSC05486.jpeg,2
DSC05486.jpeg,2
DSC05486.jpeg,1
DSC05486.jpeg,1
DSC05486.jpeg,2
DSC05487.jpeg,1
DSC05487.jpeg,1
DSC05487.jpeg,1
DSC05487.jpeg,3
DSC05487.jpeg,1
DSC05487.jpeg,1
DSC05487.jpeg,1
DSC05487.jpeg,2
DSC05487.jpeg,1
DSC05487.jpeg,3
DSC05487.jpeg,1
DSC05487.jpeg,1
DSC05487.jpeg,1
DSC05487.jpeg,1
DSC05487.jpeg,5
DSC05487.jpeg,1
DSC05487.jpeg,1
DSC05487.jpeg,1
DSC05488.jpeg,1
DSC05488.jpeg,1
DSC05488.jpeg,1
DSC05488.jpeg,3
DSC05488.jpeg,1
DSC05488.jpeg,1
DSC05488.jpeg,1
DSC05488.jpeg,2
DSC05488.jpeg,1
DSC05488.jpeg,3
DSC05488.jpeg,1
DSC05488.jpeg,1
DSC05488.jpeg,1
DSC05488.jpeg,1
DSC05488.jpeg,3
DSC05488.jpeg,1
DSC05488.jpeg,1
DSC05488.jpeg,1
DSC05489.jpeg,1
DSC05489.jpeg,1
DSC05489.jpeg,1
DSC05489.jpeg,3
DSC05489.jpeg,1
DSC05489.jpeg,1
DSC05489.jpeg,1
DSC05489.jpeg,2
DSC05489.jpeg,1
DSC05489.jpeg,3
DSC05489.jpeg,1
DSC05489.jpeg,1
DSC05489.jpeg,1
DSC05489.jpeg,1
DSC05489.jpeg,4
DSC05489.jpeg,1
DSC05489.jpeg,1
DSC05489.jpeg,1
DSC05490.jpeg,1
DSC05490.jpeg,1
DSC05490.jpeg,1
DSC05490.jpeg,2
DSC05490.jpeg,1
DSC05490.jpeg,1
DSC05490.jpeg,1
DSC05490.jpeg,2
DSC05490.jpeg,1
DSC05490.jpeg,2
DSC05490.jpeg,1
DSC05490.jpeg,1
DSC05490.jpeg,1
DSC05490.jpeg,1
DSC05490.jpeg,3
DSC05490.jpeg,1
DSC05490.jpeg,1
DSC05490.jpeg,1
DSC05491.jpeg,1
DSC05491.jpeg,3
DSC05491.jpeg,1
DSC05491.jpeg,3
DSC05491.jpeg,1
DSC05491.jpeg,2
DSC05491.jpeg,1
DSC05491.jpeg,1
DSC05491.jpeg,1
DSC05491.jpeg,1
DSC05491.jpeg,1
DSC05491.jpeg,2
DSC05491.jpeg,1
DSC05491.jpeg,1
DSC05491.jpeg,1
DSC05491.jpeg,1
DSC05491.jpeg,1
DSC05491.jpeg,1
DSC05492.jpeg,1
DSC05492.jpeg,3
DSC05492.jpeg,1
DSC05492.jpeg,2
DSC05492.jpeg,1
DSC05492.jpeg,1
DSC05492.jpeg,1
DSC05492.jpeg,1
DSC05492.jpeg,1
DSC05492.jpeg,1
DSC05492.jpeg,1
DSC05492.jpeg,2
DSC05492.jpeg,1
DSC05492.jpeg,1
DSC05492.jpeg,1
DSC05492.jpeg,1
DSC05492.jpeg,1
DSC05492.jpeg,1
DSC05493.jpeg,1
DSC05493.jpeg,4
DSC05493.jpeg,1
DSC05493.jpeg,2
DSC05493.jpeg,1
DSC05493.jpeg,1
DSC05493.jpeg,1
DSC05493.jpeg,1
DSC05493.jpeg,1
DSC05493.jpeg,1
DSC05493.jpeg,1
DSC05493.jpeg,2
DSC05493.jpeg,1
DSC05493.jpeg,1
DSC05493.jpeg,1
DSC05493.jpeg,1
DSC05493.jpeg,1
DSC05493.jpeg,1
DSC05494.jpeg,1
DSC05494.jpeg,2
DSC05494.jpeg,1
DSC05494.jpeg,2
DSC05494.jpeg,1
DSC05494.jpeg,1
DSC05494.jpeg,1
DSC05494.jpeg,1
DSC05494.jpeg,1
DSC05494.jpeg,1
DSC05494.jpeg,1
DSC05494.jpeg,2
DSC05494.jpeg,1
DSC05494.jpeg,1
DSC05494.jpeg,1
DSC05494.jpeg,1
DSC05494.jpeg,1
DSC05494.jpeg,1
DSC05495.jpeg,1
DSC05495.jpeg,2
DSC05495.jpeg,1
DSC05495.jpeg,1
DSC05495.jpeg,1
DSC05495.jpeg,1
DSC05495.jpeg,1
DSC05495.jpeg,1
DSC05495.jpeg,1
DSC05495.jpeg,1
DSC05495.jpeg,1
DSC05495.jpeg,2
DSC05495.jpeg,1
DSC05495.jpeg,1
DSC05495.jpeg,1
DSC05495.jpeg,1
DSC05495.jpeg,1
DSC05495.jpeg,1
DSC05496.jpeg,1
DSC05496.jpeg,2
DSC05496.jpeg,2
DSC05496.jpeg,1
DSC05496.jpeg,2
DSC05496.jpeg,1
DSC05496.jpeg,1
DSC05496.jpeg,1
DSC05496.jpeg,1
DSC05496.jpeg,2
DSC05496.jpeg,1
DSC05496.jpeg,1
DSC05496.jpeg,1
DSC05496.jpeg,1
DSC05496.jpeg,2
DSC05496.jpeg,1
DSC05496.jpeg,1
DSC05496.jpeg,1
DSC05498.jpeg,1
DSC05498.jpeg,2
DSC05498.jpeg,1
DSC05498.jpeg,1
DSC05498.jpeg,2
DSC05498.jpeg,1
DSC05498.jpeg,1
DSC05498.jpeg,1
DSC05498.jpeg,1
DSC05498.jpeg,2
DSC05498.jpeg,1
DSC05498.jpeg,1
DSC05498.jpeg,1
DSC05498.jpeg,1
DSC05498.jpeg,2
DSC05498.jpeg,1
DSC05498.jpeg,1
DSC05498.jpeg,1
DSC05499.jpeg,1
DSC05499.jpeg,2
DSC05499.jpeg,1
DSC05499.jpeg,1
DSC05499.jpeg,2
DSC05499.jpeg,1
DSC05499.jpeg,1
DSC05499.jpeg,1
DSC05499.jpeg,2
DSC05499.jpeg,2
DSC05499.jpeg,1
DSC05499.jpeg,1
DSC05499.jpeg,1
DSC05499.jpeg,1
DSC05499.jpeg,2
DSC05499.jpeg,1
DSC05499.jpeg,1
DSC05499.jpeg,1
DSC05500.jpeg,1
DSC05500.jpeg,2
DSC05500.jpeg,1
DSC05500.jpeg,1
DSC05500.jpeg,2
DSC05500.jpeg,1
DSC05500.jpeg,1
DSC05500.jpeg,1
DSC05500.jpeg,1
DSC05500.jpeg,2
DSC05500.jpeg,1
DSC05500.jpeg,1
DSC05500.jpeg,1
DSC05500.jpeg,1
DSC05500.jpeg,2
DSC05500.jpeg,1
DSC05500.jpeg,1
DSC05500.jpeg,1
DSC05502.jpeg,1
DSC05502.jpeg,1
DSC05502.jpeg,1
DSC05502.jpeg,1
DSC05502.jpeg,1
DSC05502.jpeg,2
DSC05502.jpeg,1
DSC05502.jpeg,2
DSC05502.jpeg,1
DSC05502.jpeg,1
DSC05502.jpeg,1
DSC05502.jpeg,1
DSC05502.jpeg,1
DSC05502.jpeg,1
DSC05502.jpeg,2
DSC05502.jpeg,2
DSC05502.jpeg,1
DSC05502.jpeg,1
DSC05502.jpeg,1
DSC05502.jpeg,1
DSC05502.jpeg,2
DSC05506.jpeg,1
DSC05506.jpeg,2
DSC05506.jpeg,1
DSC05506.jpeg,1
DSC05506.jpeg,1
DSC05506.jpeg,1
DSC05506.jpeg,2
DSC05506.jpeg,1
DSC05506.jpeg,1
DSC05506.jpeg,1
DSC05506.jpeg,1
DSC05506.jpeg,3
DSC05506.jpeg,1
DSC05506.jpeg,1
DSC05506.jpeg,1
DSC05506.jpeg,1
DSC05506.jpeg,1
DSC05506.jpeg,1
DSC05508.jpeg,1
DSC05508.jpeg,2
DSC05508.jpeg,1
DSC05508.jpeg,1
DSC05508.jpeg,1
DSC05508.jpeg,1
DSC05508.jpeg,2
DSC05508.jpeg,1
DSC05508.jpeg,1
DSC05508.jpeg,1
DSC05508.jpeg,1
DSC05508.jpeg,3
DSC05508.jpeg,1
DSC05508.jpeg,1
DSC05508.jpeg,1
DSC05508.jpeg,1
DSC05508.jpeg,1
DSC05508.jpeg,1
DSC05511.jpeg,1
DSC05511.jpeg,1
DSC05511.jpeg,1
DSC05511.jpeg,1
DSC05511.jpeg,1
DSC05511.jpeg,1
DSC05511.jpeg,3
DSC05511.jpeg,3
DSC05511.jpeg,1
DSC05511.jpeg,1
DSC05511.jpeg,2
DSC05511.jpeg,1
DSC05511.jpeg,1
DSC05511.jpeg,1
DSC05511.jpeg,2
DSC05511.jpeg,3
DSC05511.jpeg,2
DSC05511.jpeg,1
DSC05516.jpeg,1
DSC05516.jpeg,1
DSC05516.jpeg,1
DSC05516.jpeg,1
DSC05516.jpeg,3
DSC05516.jpeg,1
DSC05516.jpeg,1
DSC05516.jpeg,1
DSC05516.jpeg,1
DSC05516.jpeg,3
DSC05516.jpeg,3
DSC05516.jpeg,1
DSC05516.jpeg,1
DSC05516.jpeg,2
DSC05516.jpeg,1
DSC05516.jpeg,1
DSC05516.jpeg,3
DSC05516.jpeg,1
DSC05518.jpeg,1
DSC05518.jpeg,1
DSC05518.jpeg,3
DSC05518.jpeg,1
DSC05518.jpeg,1
DSC05518.jpeg,1
DSC05518.jpeg,1
DSC05518.jpeg,1
DSC05518.jpeg,1
DSC05518.jpeg,1
DSC05518.jpeg,1
DSC05518.jpeg,1
DSC05518.jpeg,1
DSC05518.jpeg,3
DSC05518.jpeg,2
DSC05518.jpeg,2
DSC05518.jpeg,1
DSC05518.jpeg,1
DSC05518.jpeg,1
DSC05518.jpeg,1
DSC05518.jpeg,1
DSC05519.jpeg,1
DSC05519.jpeg,1
DSC05519.jpeg,3
DSC05519.jpeg,1
DSC05519.jpeg,1
DSC05519.jpeg,1
DSC05519.jpeg,1
DSC05519.jpeg,1
DSC05519.jpeg,1
DSC05519.jpeg,1
DSC05519.jpeg,1
DSC05519.jpeg,1
DSC05519.jpeg,1
DSC05519.jpeg,4
DSC05519.jpeg,3
DSC05519.jpeg,2
DSC05519.jpeg,1
DSC05519.jpeg,1
DSC05519.jpeg,1
DSC05519.jpeg,1
DSC05519.jpeg,1
DSC05522.jpeg,1
DSC05522.jpeg,1
DSC05522.jpeg,3
DSC05522.jpeg,1
DSC05522.jpeg,1
DSC05522.jpeg,1
DSC05522.jpeg,1
DSC05522.jpeg,1
DSC05522.jpeg,2
DSC05522.jpeg,1
DSC05522.jpeg,2
DSC05522.jpeg,1
DSC05522.jpeg,1
DSC05522.jpeg,3
DSC05522.jpeg,3
DSC05522.jpeg,2
DSC05522.jpeg,1
DSC05522.jpeg,1
DSC05522.jpeg,1
DSC05522.jpeg,1
DSC05522.jpeg,1
DSC05524.jpeg,1
DSC05524.jpeg,1
DSC05524.jpeg,3
DSC05524.jpeg,1
DSC05524.jpeg,1
DSC05524.jpeg,1
DSC05524.jpeg,1
DSC05524.jpeg,1
DSC05524.jpeg,2
DSC05524.jpeg,1
DSC05524.jpeg,2
DSC05524.jpeg,1
DSC05524.jpeg,1
DSC05524.jpeg,3
DSC05524.jpeg,3
DSC05524.jpeg,2
DSC05524.jpeg,1
DSC05524.jpeg,1
DSC05524.jpeg,1
DSC05524.jpeg,1
DSC05524.jpeg,1
DSC05528.jpeg,1
DSC05528.jpeg,1
DSC05528.jpeg,3
DSC05528.jpeg,1
DSC05528.jpeg,1
DSC05528.jpeg,1
DSC05528.jpeg,3
DSC05528.jpeg,1
DSC05528.jpeg,3
DSC05528.jpeg,3
DSC05528.jpeg,2
DSC05528.jpeg,1
DSC05528.jpeg,1
DSC05528.jpeg,3
DSC05528.jpeg,1
DSC05528.jpeg,1
DSC05528.jpeg,4
DSC05528.jpeg,2
DSC05529.jpeg,1
DSC05529.jpeg,1
DSC05529.jpeg,4
DSC05529.jpeg,1
DSC05529.jpeg,1
DSC05529.jpeg,1
DSC05529.jpeg,3
DSC05529.jpeg,1
DSC05529.jpeg,4
DSC05529.jpeg,3
DSC05529.jpeg,2
DSC05529.jpeg,1
DSC05529.jpeg,1
DSC05529.jpeg,3
DSC05529.jpeg,1
DSC05529.jpeg,1
DSC05529.jpeg,4
DSC05529.jpeg,3
DSC05530.jpeg,1
DSC05530.jpeg,2
DSC05530.jpeg,4
DSC05530.jpeg,5
DSC05530.jpeg,1
DSC05530.jpeg,1
DSC05530.jpeg,1
DSC05530.jpeg,1
DSC05530.jpeg,1
DSC05530.jpeg,1
DSC05530.jpeg,3
DSC05530.jpeg,2
DSC05530.jpeg,1
DSC05530.jpeg,2
DSC05530.jpeg,1
DSC05530.jpeg,1
DSC05530.jpeg,1
DSC05530.jpeg,1
DSC05531.jpeg,1
DSC05531.jpeg,2
DSC05531.jpeg,4
DSC05531.jpeg,4
DSC05531.jpeg,1
DSC05531.jpeg,1
DSC05531.jpeg,1
DSC05531.jpeg,2
DSC05531.jpeg,1
DSC05531.jpeg,1
DSC05531.jpeg,3
DSC05531.jpeg,2
DSC05531.jpeg,1
DSC05531.jpeg,2
DSC05531.jpeg,1
DSC05531.jpeg,1
DSC05531.jpeg,2
DSC05531.jpeg,1
DSC05536.jpeg,1
DSC05536.jpeg,3
DSC05536.jpeg,1
DSC05536.jpeg,4
DSC05536.jpeg,4
DSC05536.jpeg,1
DSC05536.jpeg,1
DSC05536.jpeg,1
DSC05536.jpeg,3
DSC05536.jpeg,1
DSC05536.jpeg,1
DSC05536.jpeg,1
DSC05536.jpeg,1
DSC05536.jpeg,3
DSC05536.jpeg,1
DSC05536.jpeg,1
DSC05536.jpeg,1
DSC05536.jpeg,1
DSC05538.jpeg,1
DSC05538.jpeg,3
DSC05538.jpeg,1
DSC05538.jpeg,4
DSC05538.jpeg,5
DSC05538.jpeg,1
DSC05538.jpeg,1
DSC05538.jpeg,1
DSC05538.jpeg,3
DSC05538.jpeg,1
DSC05538.jpeg,1
DSC05538.jpeg,1
DSC05538.jpeg,1
DSC05538.jpeg,3
DSC05538.jpeg,1
DSC05538.jpeg,1
DSC05538.jpeg,1
DSC05538.jpeg,1
DSC05541.jpeg,1
DSC05541.jpeg,3
DSC05541.jpeg,1
DSC05541.jpeg,3
DSC05541.jpeg,3
DSC05541.jpeg,1
DSC05541.jpeg,1
DSC05541.jpeg,1
DSC05541.jpeg,1
DSC05541.jpeg,1
DSC05541.jpeg,2
DSC05541.jpeg,1
DSC05541.jpeg,3
DSC05541.jpeg,2
DSC05541.jpeg,1
DSC05541.jpeg,1
DSC05541.jpeg,1
DSC05541.jpeg,3
DSC05541.jpeg,1
DSC05541.jpeg,1
DSC05541.jpeg,1
DSC05543.jpeg,1
DSC05543.jpeg,3
DSC05543.jpeg,1
DSC05543.jpeg,4
DSC05543.jpeg,4
DSC05543.jpeg,1
DSC05543.jpeg,1
DSC05543.jpeg,2
DSC05543.jpeg,1
DSC05543.jpeg,1
DSC05543.jpeg,1
DSC05543.jpeg,1
DSC05543.jpeg,3
DSC05543.jpeg,2
DSC05543.jpeg,1
DSC05543.jpeg,1
DSC05543.jpeg,1
DSC05543.jpeg,3
DSC05543.jpeg,1
DSC05543.jpeg,1
DSC05543.jpeg,1
DSC05546.jpeg,1
DSC05546.jpeg,1
DSC05546.jpeg,1
DSC05546.jpeg,1
DSC05546.jpeg,1
DSC05546.jpeg,1
DSC05546.jpeg,1
DSC05546.jpeg,1
DSC05546.jpeg,1
DSC05546.jpeg,1
DSC05546.jpeg,1
DSC05546.jpeg,1
DSC05546.jpeg,3
DSC05546.jpeg,1
DSC05546.jpeg,1
DSC05546.jpeg,1
DSC05546.jpeg,1
DSC05546.jpeg,3
DSC05548.jpeg,1
DSC05548.jpeg,2
DSC05548.jpeg,3
DSC05548.jpeg,3
DSC05548.jpeg,3
DSC05548.jpeg,1
DSC05548.jpeg,1
DSC05548.jpeg,1
DSC05548.jpeg,1
DSC05548.jpeg,1
DSC05548.jpeg,1
DSC05548.jpeg,1
DSC05548.jpeg,1
DSC05548.jpeg,3
DSC05548.jpeg,1
DSC05548.jpeg,1
DSC05548.jpeg,3
DSC05548.jpeg,3
DSC05555.jpeg,1
DSC05555.jpeg,1
DSC05555.jpeg,1
DSC05555.jpeg,4
DSC05555.jpeg,1
DSC05555.jpeg,3
DSC05555.jpeg,1
DSC05555.jpeg,1
DSC05555.jpeg,1
DSC05555.jpeg,1
DSC05555.jpeg,1
DSC05555.jpeg,1
DSC05555.jpeg,1
DSC05555.jpeg,1
DSC05555.jpeg,1
DSC05555.jpeg,1
DSC05555.jpeg,1
DSC05555.jpeg,1
DSC05556.jpeg,1
DSC05556.jpeg,1
DSC05556.jpeg,1
DSC05556.jpeg,4
DSC05556.jpeg,1
DSC05556.jpeg,3
DSC05556.jpeg,1
DSC05556.jpeg,1
DSC05556.jpeg,1
DSC05556.jpeg,1
DSC05556.jpeg,1
DSC05556.jpeg,1
DSC05556.jpeg,1
DSC05556.jpeg,1
DSC05556.jpeg,1
DSC05556.jpeg,1
DSC05556.jpeg,1
DSC05556.jpeg,1
DSC05557.jpeg,1
DSC05557.jpeg,1
DSC05557.jpeg,2
DSC05557.jpeg,1
DSC05557.jpeg,4
DSC05557.jpeg,1
DSC05557.jpeg,4
DSC05557.jpeg,2
DSC05557.jpeg,2
DSC05557.jpeg,1
DSC05557.jpeg,4
DSC05557.jpeg,3
DSC05557.jpeg,4
DSC05557.jpeg,1
DSC05557.jpeg,1
DSC05557.jpeg,1
DSC05557.jpeg,1
DSC05557.jpeg,1
DSC05558.jpeg,1
DSC05558.jpeg,1
DSC05558.jpeg,1
DSC05558.jpeg,1
DSC05558.jpeg,4
DSC05558.jpeg,1
DSC05558.jpeg,3
DSC05558.jpeg,2
DSC05558.jpeg,2
DSC05558.jpeg,1
DSC05558.jpeg,3
DSC05558.jpeg,3
DSC05558.jpeg,3
DSC05558.jpeg,1
DSC05558.jpeg,1
DSC05558.jpeg,1
DSC05558.jpeg,1
DSC05558.jpeg,1
DSC05559.jpeg,1
DSC05559.jpeg,1
DSC05559.jpeg,1
DSC05559.jpeg,1
DSC05559.jpeg,3
DSC05559.jpeg,1
DSC05559.jpeg,3
DSC05559.jpeg,2
DSC05559.jpeg,2
DSC05559.jpeg,1
DSC05559.jpeg,3
DSC05559.jpeg,3
DSC05559.jpeg,3
DSC05559.jpeg,1
DSC05559.jpeg,1
DSC05559.jpeg,1
DSC05559.jpeg,1
DSC05559.jpeg,1
DSC05567.jpeg,1
DSC05567.jpeg,1
DSC05567.jpeg,1
DSC05568.jpeg,1
DSC05568.jpeg,1
DSC05568.jpeg,1
DSC05574.jpeg,1
DSC05574.jpeg,1
DSC05574.jpeg,3
DSC05574.jpeg,4
DSC05574.jpeg,1
DSC05574.jpeg,1
DSC05574.jpeg,1
DSC05574.jpeg,1
DSC05574.jpeg,3
DSC05574.jpeg,1
DSC05574.jpeg,3
DSC05574.jpeg,5
DSC05574.jpeg,3
DSC05574.jpeg,1
DSC05574.jpeg,3
DSC05574.jpeg,4
DSC05574.jpeg,4
DSC05574.jpeg,3
DSC05575.jpeg,2
DSC05575.jpeg,3
DSC05575.jpeg,3
DSC05575.jpeg,5
DSC05575.jpeg,3
DSC05575.jpeg,1
DSC05575.jpeg,3
DSC05575.jpeg,3
DSC05575.jpeg,3
DSC05575.jpeg,1
DSC05575.jpeg,3
DSC05575.jpeg,3
DSC05575.jpeg,3
DSC05575.jpeg,1
DSC05575.jpeg,1
DSC05575.jpeg,4
DSC05575.jpeg,4
DSC05575.jpeg,3
DSC05576.jpeg,2
DSC05576.jpeg,3
DSC05576.jpeg,3
DSC05576.jpeg,5
DSC05576.jpeg,3
DSC05576.jpeg,1
DSC05576.jpeg,3
DSC05576.jpeg,3
DSC05576.jpeg,3
DSC05576.jpeg,1
DSC05576.jpeg,3
DSC05576.jpeg,3
DSC05576.jpeg,3
DSC05576.jpeg,1
DSC05576.jpeg,1
DSC05576.jpeg,4
DSC05576.jpeg,3
DSC05576.jpeg,3
DSC05577.jpeg,2
DSC05577.jpeg,4
DSC05577.jpeg,3
DSC05577.jpeg,5
DSC05577.jpeg,3
DSC05577.jpeg,1
DSC05577.jpeg,3
DSC05577.jpeg,3
DSC05577.jpeg,3
DSC05577.jpeg,1
DSC05577.jpeg,3
DSC05577.jpeg,3
DSC05577.jpeg,3
DSC05577.jpeg,1
DSC05577.jpeg,1
DSC05577.jpeg,4
DSC05577.jpeg,4
DSC05577.jpeg,3
DSC05582.jpeg,2
DSC05582.jpeg,3
DSC05582.jpeg,3
DSC05582.jpeg,5
DSC05582.jpeg,3
DSC05582.jpeg,1
DSC05582.jpeg,3
DSC05582.jpeg,3
DSC05582.jpeg,3
DSC05582.jpeg,1
DSC05582.jpeg,3
DSC05582.jpeg,3
DSC05582.jpeg,3
DSC05582.jpeg,1
DSC05582.jpeg,1
DSC05582.jpeg,4
DSC05582.jpeg,3
DSC05582.jpeg,3
DSC05583.jpeg,2
DSC05583.jpeg,2
DSC05583.jpeg,1
DSC05583.jpeg,5
DSC05583.jpeg,3
DSC05583.jpeg,1
DSC05583.jpeg,1
DSC05583.jpeg,3
DSC05583.jpeg,5
DSC05583.jpeg,1
DSC05583.jpeg,1
DSC05583.jpeg,1
DSC05583.jpeg,4
DSC05583.jpeg,1
DSC05583.jpeg,1
DSC05583.jpeg,1
DSC05583.jpeg,3
DSC05583.jpeg,1
DSC05585.jpeg,2
DSC05585.jpeg,2
DSC05585.jpeg,1
DSC05585.jpeg,5
DSC05585.jpeg,4
DSC05585.jpeg,1
DSC05585.jpeg,1
DSC05585.jpeg,3
DSC05585.jpeg,5
DSC05585.jpeg,1
DSC05585.jpeg,1
DSC05585.jpeg,1
DSC05585.jpeg,4
DSC05585.jpeg,1
DSC05585.jpeg,1
DSC05585.jpeg,1
DSC05585.jpeg,3
DSC05585.jpeg,1
DSC05590.jpeg,1
DSC05590.jpeg,1
DSC05590.jpeg,1
DSC05590.jpeg,1
DSC05590.jpeg,1
DSC05590.jpeg,4
DSC05590.jpeg,5
DSC05590.jpeg,1
DSC05590.jpeg,1
DSC05590.jpeg,4
DSC05590.jpeg,4
DSC05590.jpeg,1
DSC05590.jpeg,1
DSC05590.jpeg,1
DSC05590.jpeg,5
DSC05590.jpeg,1
DSC05590.jpeg,4
DSC05590.jpeg,1
DSC05590.jpeg,4
DSC05590.jpeg,1
DSC05590.jpeg,1
DSC05591.jpeg,4
DSC05591.jpeg,1
DSC05591.jpeg,1
DSC05591.jpeg,3
DSC05591.jpeg,3
DSC05591.jpeg,1
DSC05591.jpeg,1
DSC05591.jpeg,1
DSC05591.jpeg,5
DSC05591.jpeg,1
DSC05591.jpeg,3
DSC05591.jpeg,1
DSC05591.jpeg,3
DSC05591.jpeg,1
DSC05591.jpeg,1
DSC05592.jpeg,1
DSC05592.jpeg,1
DSC05592.jpeg,5
DSC05592.jpeg,1
DSC05592.jpeg,3
DSC05592.jpeg,1
DSC05592.jpeg,3
DSC05592.jpeg,1
DSC05592.jpeg,1
DSC05594.jpeg,1
DSC05594.jpeg,1
DSC05594.jpeg,2
DSC05594.jpeg,1
DSC05594.jpeg,1
DSC05594.jpeg,1
DSC05594.jpeg,1
DSC05594.jpeg,1
DSC05594.jpeg,4
DSC05594.jpeg,1
DSC05594.jpeg,1
DSC05594.jpeg,1
DSC05594.jpeg,1
DSC05594.jpeg,2
DSC05594.jpeg,1
DSC05594.jpeg,2
DSC05594.jpeg,5
DSC05594.jpeg,1
DSC05595.jpeg,1
DSC05595.jpeg,1
DSC05595.jpeg,3
DSC05595.jpeg,1
DSC05595.jpeg,1
DSC05595.jpeg,1
DSC05595.jpeg,1
DSC05595.jpeg,5
DSC05595.jpeg,1
DSC05595.jpeg,1
DSC05595.jpeg,1
DSC05595.jpeg,3
DSC05595.jpeg,1
DSC05595.jpeg,2
DSC05595.jpeg,5
DSC05596.jpeg,1
DSC05596.jpeg,1
DSC05596.jpeg,5
DSC05596.jpeg,1
DSC05596.jpeg,1
DSC05596.jpeg,1
DSC05596.jpeg,1
DSC05596.jpeg,3
DSC05596.jpeg,1
DSC05596.jpeg,3
DSC05596.jpeg,5
DSC05596.jpeg,1
DSC05606.jpeg,5
DSC05606.jpeg,4
DSC05606.jpeg,3
DSC05606.jpeg,1
DSC05606.jpeg,1
DSC05606.jpeg,1
DSC05606.jpeg,1
DSC05606.jpeg,2
DSC05606.jpeg,1
DSC05606.jpeg,1
DSC05606.jpeg,3
DSC05606.jpeg,2
DSC05606.jpeg,2
DSC05606.jpeg,5
DSC05606.jpeg,3
DSC05606.jpeg,2
DSC05606.jpeg,2
DSC05606.jpeg,4
DSC05607.jpeg,3
DSC05607.jpeg,2
DSC05607.jpeg,1
DSC05607.jpeg,1
DSC05607.jpeg,1
DSC05607.jpeg,2
DSC05607.jpeg,1
DSC05607.jpeg,1
DSC05607.jpeg,3
DSC05607.jpeg,2
DSC05607.jpeg,5
DSC05607.jpeg,3
DSC05607.jpeg,2
DSC05607.jpeg,2
DSC05607.jpeg,4
DSC05608.jpeg,1
DSC05608.jpeg,2
DSC05608.jpeg,1
DSC05608.jpeg,1
DSC05608.jpeg,4
DSC05608.jpeg,2
DSC05608.jpeg,2
DSC05608.jpeg,5
DSC05608.jpeg,3
DSC05608.jpeg,2
DSC05608.jpeg,2
DSC05608.jpeg,4
DSC05609.jpeg,1
DSC05609.jpeg,3
DSC05609.jpeg,1
DSC05609.jpeg,5
DSC05609.jpeg,2
DSC05609.jpeg,1
DSC05609.jpeg,1
DSC05609.jpeg,1
DSC05609.jpeg,5
DSC05609.jpeg,2
DSC05609.jpeg,3
DSC05609.jpeg,1
DSC05609.jpeg,5
DSC05609.jpeg,2
DSC05609.jpeg,2
DSC05609.jpeg,4
DSC05609.jpeg,2
DSC05609.jpeg,5
DSC05610.jpeg,2
DSC05610.jpeg,1
DSC05610.jpeg,5
DSC05610.jpeg,2
DSC05610.jpeg,1
DSC05610.jpeg,4
DSC05610.jpeg,2
DSC05610.jpeg,2
DSC05610.jpeg,2
DSC05610.jpeg,2
DSC05610.jpeg,3
DSC05610.jpeg,2
DSC05614.jpeg,1
DSC05614.jpeg,5
DSC05614.jpeg,2
DSC05614.jpeg,1
DSC05614.jpeg,5
DSC05614.jpeg,2
DSC05614.jpeg,3
DSC05614.jpeg,1
DSC05614.jpeg,2
DSC05614.jpeg,3
DSC05614.jpeg,2
DSC05614.jpeg,5
DSC05615.jpeg,3
DSC05615.jpeg,1
DSC05615.jpeg,5
DSC05615.jpeg,2
DSC05615.jpeg,1
DSC05615.jpeg,1
DSC05615.jpeg,5
DSC05615.jpeg,2
DSC05615.jpeg,3
DSC05615.jpeg,1
DSC05616.jpeg,1
DSC05616.jpeg,1
DSC05616.jpeg,2
DSC05616.jpeg,2
DSC05616.jpeg,1
DSC05616.jpeg,2
DSC05616.jpeg,1
DSC05616.jpeg,4
DSC05616.jpeg,1
DSC05618.jpeg,2
DSC05618.jpeg,1
DSC05618.jpeg,5
DSC05618.jpeg,2
DSC05618.jpeg,1
DSC05618.jpeg,2
DSC05618.jpeg,2
DSC05618.jpeg,1
DSC05618.jpeg,1
DSC05618.jpeg,5
DSC05618.jpeg,2
DSC05619.jpeg,3
DSC05619.jpeg,4
DSC05619.jpeg,3
DSC05619.jpeg,1
DSC05619.jpeg,1
DSC05619.jpeg,4
DSC05619.jpeg,1
DSC05619.jpeg,5
DSC05626.jpeg,4
DSC05626.jpeg,4
DSC05626.jpeg,3
DSC05626.jpeg,5
DSC05626.jpeg,3
DSC05626.jpeg,5
DSC05626.jpeg,1
DSC05626.jpeg,1
DSC05626.jpeg,4
DSC05626.jpeg,4
DSC05626.jpeg,1
DSC05626.jpeg,4
DSC05627.jpeg,1
DSC05627.jpeg,1
DSC05627.jpeg,2
DSC05627.jpeg,1
DSC05627.jpeg,1
DSC05627.jpeg,1
DSC05627.jpeg,1
DSC05627.jpeg,2
DSC05627.jpeg,3
DSC05627.jpeg,1
DSC05627.jpeg,1
DSC05627.jpeg,2
DSC05629.jpeg,1
DSC05629.jpeg,1
DSC05629.jpeg,2
DSC05629.jpeg,1
DSC05629.jpeg,1
DSC05629.jpeg,1
DSC05629.jpeg,1
DSC05629.jpeg,2
DSC05629.jpeg,3
DSC05629.jpeg,1
DSC05629.jpeg,1
DSC05629.jpeg,2
DSC05630.jpeg,1
DSC05630.jpeg,1
DSC05630.jpeg,2
DSC05630.jpeg,1
DSC05630.jpeg,1
DSC05630.jpeg,1
DSC05630.jpeg,1
DSC05630.jpeg,2
DSC05630.jpeg,3
DSC05630.jpeg,1
DSC05630.jpeg,1
DSC05630.jpeg,2
DSC05632.jpeg,1
DSC05632.jpeg,1
DSC05632.jpeg,2
DSC05632.jpeg,1
DSC05632.jpeg,1
DSC05632.jpeg,1
DSC05632.jpeg,1
DSC05632.jpeg,2
DSC05632.jpeg,3
DSC05632.jpeg,1
DSC05632.jpeg,1
DSC05632.jpeg,2
DSC05633.jpeg,1
DSC05633.jpeg,1
DSC05633.jpeg,2
DSC05633.jpeg,1
DSC05633.jpeg,1
DSC05633.jpeg,1
DSC05633.jpeg,1
DSC05633.jpeg,2
DSC05633.jpeg,3
DSC05633.jpeg,1
DSC05633.jpeg,1
DSC05633.jpeg,1
DSC05634.jpeg,1
DSC05634.jpeg,1
DSC05634.jpeg,2
DSC05634.jpeg,1
DSC05634.jpeg,1
DSC05634.jpeg,1
DSC05634.jpeg,1
DSC05634.jpeg,2
DSC05634.jpeg,3
DSC05634.jpeg,1
DSC05634.jpeg,1
DSC05634.jpeg,2
DSC05636.jpeg,1
DSC05636.jpeg,1
DSC05636.jpeg,2
DSC05636.jpeg,1
DSC05636.jpeg,1
DSC05636.jpeg,1
DSC05636.jpeg,1
DSC05636.jpeg,2
DSC05636.jpeg,3
DSC05636.jpeg,1
DSC05636.jpeg,1
DSC05636.jpeg,2
DSC05637.jpeg,1
DSC05637.jpeg,2
DSC05638.jpeg,1
DSC05638.jpeg,3
DSC05648.jpeg,2
DSC05648.jpeg,1
DSC05648.jpeg,1
DSC05648.jpeg,1
DSC05648.jpeg,1
DSC05648.jpeg,1
DSC05648.jpeg,1
DSC05648.jpeg,3
DSC05648.jpeg,2
DSC05648.jpeg,2
DSC05648.jpeg,1
DSC05648.jpeg,2
DSC05659.jpeg,2
DSC05660.jpeg,2
DSC05661.jpeg,2
DSC05662.jpeg,2
DSC05663.jpeg,2
DSC05664.jpeg,1
DSC05664.jpeg,1
DSC05664.jpeg,1
DSC05664.jpeg,1
DSC05664.jpeg,3
DSC05664.jpeg,1
DSC05664.jpeg,1
DSC05664.jpeg,1
DSC05664.jpeg,1
DSC05664.jpeg,1
DSC05664.jpeg,1
DSC05664.jpeg,1
DSC05665.jpeg,1
DSC05665.jpeg,1
DSC05665.jpeg,1
DSC05665.jpeg,1
DSC05665.jpeg,3
DSC05665.jpeg,1
DSC05665.jpeg,1
DSC05665.jpeg,1
DSC05665.jpeg,1
DSC05665.jpeg,1
DSC05665.jpeg,1
DSC05665.jpeg,1
DSC05666.jpeg,3
DSC05669.jpeg,1
DSC05669.jpeg,2
DSC05669.jpeg,2
DSC05669.jpeg,3
DSC05669.jpeg,1
DSC05669.jpeg,1
DSC05671.jpeg,1
DSC05671.jpeg,1
DSC05671.jpeg,2
DSC05671.jpeg,2
DSC05671.jpeg,3
DSC05675.jpeg,1
DSC05675.jpeg,1
DSC05675.jpeg,1
DSC05675.jpeg,1
DSC05675.jpeg,3
DSC05675.jpeg,1
DSC05676.jpeg,1
DSC05676.jpeg,1
DSC05676.jpeg,1
DSC05676.jpeg,1
DSC05676.jpeg,1
DSC05676.jpeg,1
DSC05676.jpeg,1
DSC05676.jpeg,1
DSC05676.jpeg,1
DSC05676.jpeg,4
DSC05676.jpeg,1
DSC05676.jpeg,1
DSC05678.jpeg,1
DSC05678.jpeg,1
DSC05678.jpeg,1
DSC05678.jpeg,1
DSC05678.jpeg,1
DSC05678.jpeg,1
DSC05678.jpeg,1
DSC05678.jpeg,1
DSC05678.jpeg,4
DSC05678.jpeg,1
DSC05678.jpeg,1
DSC05680.jpeg,1
DSC05680.jpeg,1
DSC05680.jpeg,1
DSC05680.jpeg,1
DSC05680.jpeg,1
DSC05680.jpeg,1
DSC05680.jpeg,1
DSC05680.jpeg,1
DSC05680.jpeg,1
DSC05680.jpeg,4
DSC05681.jpeg,1
DSC05681.jpeg,1
DSC05681.jpeg,1
DSC05681.jpeg,2
DSC05681.jpeg,1
DSC05681.jpeg,2
DSC05681.jpeg,1
DSC05681.jpeg,1
DSC05681.jpeg,4
DSC05681.jpeg,1
DSC05682.jpeg,2
DSC05682.jpeg,2
DSC05682.jpeg,3
DSC05682.jpeg,2
DSC05682.jpeg,2
DSC05682.jpeg,3
DSC05682.jpeg,3
DSC05682.jpeg,1
DSC05682.jpeg,1
DSC05682.jpeg,1
DSC05682.jpeg,3
DSC05682.jpeg,1
DSC05683.jpeg,2
DSC05683.jpeg,1
DSC05683.jpeg,3
DSC05683.jpeg,1
DSC05683.jpeg,1
DSC05683.jpeg,3
DSC05683.jpeg,3
DSC05683.jpeg,1
DSC05683.jpeg,1
DSC05683.jpeg,1
DSC05683.jpeg,2
DSC05685.jpeg,2
DSC05685.jpeg,2
DSC05685.jpeg,3
DSC05685.jpeg,2
DSC05685.jpeg,2
DSC05685.jpeg,3
DSC05685.jpeg,3
DSC05685.jpeg,1
DSC05685.jpeg,1
DSC05685.jpeg,1
DSC05685.jpeg,2
DSC05685.jpeg,1
DSC05686.jpeg,2
DSC05686.jpeg,1
DSC05686.jpeg,3
DSC05686.jpeg,3
DSC05686.jpeg,1
DSC05686.jpeg,1
DSC05686.jpeg,1
DSC05686.jpeg,3
DSC05686.jpeg,1
DSC05687.jpeg,2
DSC05687.jpeg,2
DSC05687.jpeg,3
DSC05687.jpeg,2
DSC05687.jpeg,2
DSC05687.jpeg,3
DSC05687.jpeg,3
DSC05688.jpeg,3
DSC05688.jpeg,3
DSC05688.jpeg,1
DSC05688.jpeg,1
DSC05688.jpeg,1
DSC05688.jpeg,2
DSC05688.jpeg,1
DSC05689.jpeg,1
DSC05689.jpeg,2
DSC05689.jpeg,1
DSC05689.jpeg,1
DSC05689.jpeg,1
DSC05689.jpeg,1
DSC05689.jpeg,1
DSC05689.jpeg,1
DSC05689.jpeg,2
DSC05689.jpeg,1
DSC05689.jpeg,2
DSC05689.jpeg,1
DSC05690.jpeg,1
DSC05690.jpeg,2
DSC05690.jpeg,2
DSC05690.jpeg,1
DSC05690.jpeg,1
DSC05690.jpeg,1
DSC05690.jpeg,1
DSC05690.jpeg,1
DSC05690.jpeg,3
DSC05690.jpeg,1
DSC05690.jpeg,2
DSC05690.jpeg,1
DSC05691.jpeg,2
DSC05691.jpeg,1
DSC05691.jpeg,1
DSC05691.jpeg,1
DSC05691.jpeg,1
DSC05691.jpeg,1
DSC05691.jpeg,1
DSC05691.jpeg,2
DSC05691.jpeg,1
DSC05691.jpeg,2
DSC05691.jpeg,1
DSC05693.jpeg,1
DSC05693.jpeg,2
DSC05693.jpeg,2
DSC05693.jpeg,1
DSC05693.jpeg,1
DSC05693.jpeg,1
DSC05693.jpeg,1
DSC05693.jpeg,1
DSC05693.jpeg,3
DSC05693.jpeg,1
DSC05693.jpeg,2
DSC05693.jpeg,1
DSC05697.jpeg,1
DSC05697.jpeg,2
DSC05697.jpeg,3
DSC05697.jpeg,3
DSC05697.jpeg,3
DSC05697.jpeg,1
DSC05697.jpeg,1
DSC05697.jpeg,1
DSC05697.jpeg,2
DSC05697.jpeg,1
DSC05697.jpeg,1
DSC05700.jpeg,1
DSC05700.jpeg,1
DSC05700.jpeg,2
DSC05700.jpeg,1
DSC05700.jpeg,1
DSC05700.jpeg,1
DSC05700.jpeg,3
DSC05700.jpeg,3
DSC05700.jpeg,3
DSC05700.jpeg,1
DSC05703.jpeg,2
DSC05703.jpeg,1
DSC05703.jpeg,2
DSC05703.jpeg,2
DSC05703.jpeg,2
DSC05703.jpeg,2
DSC05703.jpeg,2
DSC05703.jpeg,2
DSC05704.jpeg,2
DSC05704.jpeg,1
DSC05704.jpeg,2
DSC05704.jpeg,2
DSC05704.jpeg,2
DSC05704.jpeg,2
DSC05704.jpeg,2
DSC05706.jpeg,2
DSC05706.jpeg,2
DSC05706.jpeg,2
DSC05706.jpeg,2
DSC05706.jpeg,2
DSC05706.jpeg,2
DSC05707.jpeg,2
DSC05707.jpeg,2
DSC05707.jpeg,2
DSC05707.jpeg,2
DSC05707.jpeg,2
DSC05707.jpeg,2
DSC05707.jpeg,2
DSC05708.jpeg,2
DSC05708.jpeg,2
DSC05708.jpeg,2
DSC05708.jpeg,2
DSC05708.jpeg,2
DSC05708.jpeg,2
DSC05712.jpeg,2
DSC05712.jpeg,2
DSC05712.jpeg,2
DSC05712.jpeg,2
DSC05712.jpeg,2
DSC05712.jpeg,2
DSC05712.jpeg,2
DSC05712.jpeg,2
DSC05714.jpeg,2
DSC05714.jpeg,2
DSC05714.jpeg,2
DSC05714.jpeg,1
DSC05714.jpeg,1
DSC05715.jpeg,2
DSC05715.jpeg,2
DSC05715.jpeg,1
DSC05715.jpeg,2
DSC05715.jpeg,2
DSC05715.jpeg,2
DSC05715.jpeg,1
DSC05716.jpeg,1
DSC05716.jpeg,2
DSC05716.jpeg,1
DSC05716.jpeg,3
DSC05716.jpeg,3
DSC05716.jpeg,3
DSC05716.jpeg,1
DSC05717.jpeg,3
DSC05717.jpeg,3
DSC05717.jpeg,2
DSC05717.jpeg,2
DSC05717.jpeg,2
DSC05717.jpeg,1
DSC05717.jpeg,2
DSC05717.jpeg,1
DSC05718.jpeg,3
DSC05718.jpeg,3
DSC05718.jpeg,2
DSC05718.jpeg,2
DSC05718.jpeg,2
DSC05718.jpeg,1
DSC05718.jpeg,2
DSC05719.jpeg,3
DSC05719.jpeg,2
DSC05719.jpeg,2
DSC05719.jpeg,2
DSC05719.jpeg,1
DSC05719.jpeg,1
DSC05719.jpeg,1
DSC05720.jpeg,2
DSC05720.jpeg,2
DSC05720.jpeg,2
DSC05720.jpeg,2
DSC05720.jpeg,2
DSC05720.jpeg,1
DSC05720.jpeg,1
DSC05720.jpeg,1
DSC05722.jpeg,2
DSC05722.jpeg,2
DSC05722.jpeg,2
DSC05722.jpeg,1
DSC05722.jpeg,2
DSC05722.jpeg,1
DSC05723.jpeg,2
DSC05723.jpeg,2
DSC05723.jpeg,2
DSC05723.jpeg,2
DSC05723.jpeg,2
DSC05723.jpeg,2
DSC05723.jpeg,1
DSC05724.jpeg,3
DSC05724.jpeg,3
DSC05724.jpeg,2
DSC05724.jpeg,2
DSC05724.jpeg,2
DSC05724.jpeg,2
DSC05724.jpeg,3
DSC05724.jpeg,2
DSC05727.jpeg,2
DSC05727.jpeg,2
DSC05727.jpeg,2
DSC05727.jpeg,2
DSC05727.jpeg,3
DSC05727.jpeg,3
DSC05727.jpeg,3
DSC05727.jpeg,2
DSC05728.jpeg,2
DSC05728.jpeg,2
DSC05728.jpeg,2
DSC05728.jpeg,2
DSC05728.jpeg,3
DSC05728.jpeg,2
DSC05728.jpeg,3
DSC05729.jpeg,2
DSC05729.jpeg,2
DSC05729.jpeg,2
DSC05729.jpeg,2
DSC05729.jpeg,3
DSC05729.jpeg,2
DSC05729.jpeg,3
DSC05729.jpeg,2
DSC05730.jpeg,2
DSC05730.jpeg,2
DSC05730.jpeg,2
DSC05730.jpeg,2
DSC05730.jpeg,3
DSC05730.jpeg,2
DSC05731.jpeg,2
DSC05731.jpeg,3
DSC05731.jpeg,2
DSC05731.jpeg,3
DSC05732.jpeg,2
DSC05732.jpeg,2
DSC05732.jpeg,2
DSC05732.jpeg,3
DSC05732.jpeg,2
DSC05732.jpeg,3
DSC05732.jpeg,3
DSC05733.jpeg,2
DSC05733.jpeg,2
DSC05733.jpeg,2
DSC05733.jpeg,2
DSC05733.jpeg,3
DSC05733.jpeg,2
DSC05733.jpeg,3
DSC05734.jpeg,2
DSC05734.jpeg,2
DSC05734.jpeg,2
DSC05734.jpeg,2
DSC05734.jpeg,1
DSC05734.jpeg,1
DSC05734.jpeg,2
DSC05734.jpeg,2
DSC05735.jpeg,2
DSC05735.jpeg,2
DSC05735.jpeg,2
DSC05735.jpeg,2
DSC05735.jpeg,3
DSC05735.jpeg,2
DSC05735.jpeg,3
DSC05735.jpeg,2
DSC05752.jpeg,1
DSC05752.jpeg,1
DSC05752.jpeg,4
DSC05752.jpeg,1
DSC05752.jpeg,1
DSC05752.jpeg,1
DSC05752.jpeg,1
DSC05752.jpeg,2
DSC05752.jpeg,1
DSC05758.jpeg,2
DSC05758.jpeg,2
DSC05758.jpeg,3
DSC05758.jpeg,2
DSC05758.jpeg,2
DSC05758.jpeg,3
DSC05758.jpeg,2
DSC05758.jpeg,2
DSC05759.jpeg,2
DSC05759.jpeg,2
DSC05759.jpeg,3
DSC05759.jpeg,2
DSC05759.jpeg,2
DSC05759.jpeg,3
DSC05759.jpeg,1
DSC05759.jpeg,1
DSC05760.jpeg,2
DSC05760.jpeg,2
DSC05760.jpeg,3
DSC05760.jpeg,1
DSC05760.jpeg,1
DSC05760.jpeg,3
DSC05760.jpeg,1
DSC05760.jpeg,1
IMG_1215.jpeg,2
IMG_1215.jpeg,2
IMG_1215.jpeg,2
IMG_1215.jpeg,2
IMG_1215.jpeg,2
IMG_1216.jpeg,1
IMG_1216.jpeg,1
IMG_1216.jpeg,1
IMG_1216.jpeg,1
IMG_1216.jpeg,1
IMG_1217.jpeg,1
IMG_1217.jpeg,1
IMG_1217.jpeg,1
IMG_1217.jpeg,1
IMG_1217.jpeg,1
IMG_1218.jpeg,2
IMG_1218.jpeg,2
IMG_1218.jpeg,1
IMG_1220.jpeg,2
IMG_1220.jpeg,1
IMG_1220.jpeg,2
IMG_1220.jpeg,2
IMG_1220.jpeg,2
IMG_1221.jpeg,2
IMG_1221.jpeg,1
IMG_1221.jpeg,2
IMG_1221.jpeg,2
IMG_1221.jpeg,2
IMG_1222.jpeg,2
IMG_1222.jpeg,1
IMG_1222.jpeg,2
IMG_1222.jpeg,2
IMG_1222.jpeg,2
IMG_1223.jpeg,2
IMG_1223.jpeg,1
IMG_1223.jpeg,2
IMG_1223.jpeg,2
IMG_1223.jpeg,2
IMG_1224.jpeg,2
IMG_1224.jpeg,2
IMG_1224.jpeg,2
IMG_1224.jpeg,2
IMG_1224.jpeg,2
IMG_1229.jpeg,2
IMG_1229.jpeg,2
IMG_1229.jpeg,2
IMG_1229.jpeg,2
IMG_1229.jpeg,2
IMG_1230.jpeg,2
IMG_1230.jpeg,2
IMG_1230.jpeg,2
IMG_1231.jpeg,2
IMG_1231.jpeg,2
IMG_1231.jpeg,2
IMG_1231.jpeg,2
IMG_1232.jpeg,1
IMG_1232.jpeg,2
IMG_1232.jpeg,2
IMG_1232.jpeg,2
IMG_1236.jpeg,2
IMG_1236.jpeg,2
IMG_1236.jpeg,2
IMG_1236.jpeg,2
IMG_1236.jpeg,2
IMG_1237.jpeg,2
IMG_1237.jpeg,2
IMG_1237.jpeg,2
IMG_1237.jpeg,1
IMG_1238.jpeg,1
IMG_1238.jpeg,1
IMG_1238.jpeg,1
IMG_1238.jpeg,1
IMG_1238.jpeg,1
IMG_1239.jpeg,1
IMG_1239.jpeg,1
IMG_1239.jpeg,1
IMG_1240.jpeg,1
IMG_1240.jpeg,1
IMG_1242.jpeg,2
IMG_1242.jpeg,1
IMG_1242.jpeg,1
IMG_1242.jpeg,2
IMG_1242.jpeg,2
IMG_1244.jpeg,2
IMG_1244.jpeg,1
IMG_1244.jpeg,1
IMG_1244.jpeg,2
IMG_1244.jpeg,2
IMG_1245.jpeg,2
IMG_1245.jpeg,1
IMG_1245.jpeg,2
IMG_1245.jpeg,1
IMG_1246.jpeg,2
IMG_1246.jpeg,2
IMG_1246.jpeg,1
IMG_1246.jpeg,2
IMG_1246.jpeg,2
IMG_2298.jpeg,1
IMG_2298.jpeg,1
IMG_2298.jpeg,1
IMG_2298.jpeg,1
IMG_2298.jpeg,1
IMG_2298.jpeg,1
IMG_2298.jpeg,1
IMG_2298.jpeg,1
IMG_2298.jpeg,1
IMG_2298.jpeg,1
IMG_2298.jpeg,1
IMG_2298.jpeg,1
IMG_2298.jpeg,1
IMG_2298.jpeg,1
IMG_2298.jpeg,1
IMG_2298.jpeg,1
IMG_2298.jpeg,1
IMG_2298.jpeg,1
IMG_2298.jpeg,1
IMG_2298.jpeg,1
IMG_2298.jpeg,1
IMG_2299.jpeg,1
IMG_2299.jpeg,2
IMG_2299.jpeg,1
IMG_2299.jpeg,1
IMG_2299.jpeg,1
IMG_2299.jpeg,1
IMG_2299.jpeg,1
IMG_2299.jpeg,2
IMG_2299.jpeg,1
IMG_2299.jpeg,1
IMG_2299.jpeg,1
IMG_2299.jpeg,1
IMG_2299.jpeg,1
IMG_2299.jpeg,1
IMG_2299.jpeg,1
IMG_2299.jpeg,1
IMG_2299.jpeg,1
IMG_2299.jpeg,1
IMG_2299.jpeg,1
IMG_2299.jpeg,1
IMG_2299.jpeg,1
IMG_2300.jpeg,1
IMG_2300.jpeg,2
IMG_2300.jpeg,1
IMG_2300.jpeg,1
IMG_2300.jpeg,1
IMG_2300.jpeg,1
IMG_2300.jpeg,1
IMG_2300.jpeg,2
IMG_2300.jpeg,1
IMG_2300.jpeg,1
IMG_2300.jpeg,1
IMG_2300.jpeg,1
IMG_2300.jpeg,1
IMG_2300.jpeg,1
IMG_2300.jpeg,1
IMG_2300.jpeg,1
IMG_2300.jpeg,1
IMG_2300.jpeg,1
IMG_2300.jpeg,1
IMG_2300.jpeg,1
IMG_2300.jpeg,1
IMG_2301.jpeg,1
IMG_2301.jpeg,2
IMG_2301.jpeg,1
IMG_2301.jpeg,1
IMG_2301.jpeg,1
IMG_2301.jpeg,1
IMG_2301.jpeg,1
IMG_2301.jpeg,2
IMG_2301.jpeg,1
IMG_2301.jpeg,1
IMG_2301.jpeg,1
IMG_2301.jpeg,1
IMG_2301.jpeg,1
IMG_2301.jpeg,1
IMG_2301.jpeg,1
IMG_2301.jpeg,1
IMG_2301.jpeg,1
IMG_2301.jpeg,1
IMG_2301.jpeg,1
IMG_2301.jpeg,1
IMG_2301.jpeg,1
IMG_2302.jpeg,1
IMG_2302.jpeg,2
IMG_2302.jpeg,1
IMG_2302.jpeg,1
IMG_2302.jpeg,1
IMG_2302.jpeg,1
IMG_2302.jpeg,1
IMG_2302.jpeg,2
IMG_2302.jpeg,1
IMG_2302.jpeg,1
IMG_2302.jpeg,1
IMG_2302.jpeg,1
IMG_2302.jpeg,1
IMG_2302.jpeg,1
IMG_2302.jpeg,1
IMG_2302.jpeg,1
IMG_2302.jpeg,1
IMG_2302.jpeg,1
IMG_2302.jpeg,1
IMG_2302.jpeg,1
IMG_2302.jpeg,1
IMG_2303.jpeg,1
IMG_2303.jpeg,2
IMG_2303.jpeg,1
IMG_2303.jpeg,1
IMG_2303.jpeg,1
IMG_2303.jpeg,1
IMG_2303.jpeg,1
IMG_2303.jpeg,1
IMG_2303.jpeg,1
IMG_2303.jpeg,1
IMG_2303.jpeg,1
IMG_2303.jpeg,1
IMG_2303.jpeg,1
IMG_2303.jpeg,1
IMG_2303.jpeg,1
IMG_2304.jpeg,1
IMG_2304.jpeg,1
IMG_2304.jpeg,1
IMG_2304.jpeg,1
IMG_2304.jpeg,1
IMG_2304.jpeg,1
IMG_2304.jpeg,1
IMG_2304.jpeg,1
IMG_2304.jpeg,1
IMG_2304.jpeg,1
IMG_2304.jpeg,1
IMG_2304.jpeg,1
IMG_2304.jpeg,1
IMG_2304.jpeg,1
IMG_2304.jpeg,1
IMG_2305.jpeg,1
IMG_2305.jpeg,1
IMG_2305.jpeg,1
IMG_2305.jpeg,1
IMG_2305.jpeg,2
IMG_2305.jpeg,1
IMG_2305.jpeg,1
IMG_2305.jpeg,1
IMG_2305.jpeg,1
IMG_2305.jpeg,1
IMG_2305.jpeg,1
IMG_2305.jpeg,1
IMG_2305.jpeg,1
IMG_2320.jpeg,1
IMG_2320.jpeg,1
IMG_2320.jpeg,1
IMG_2320.jpeg,1
IMG_2320.jpeg,1
IMG_2320.jpeg,1
IMG_2320.jpeg,1
IMG_2320.jpeg,1
IMG_2320.jpeg,1
IMG_2320.jpeg,1
IMG_2320.jpeg,1
IMG_2321.jpeg,1
IMG_2321.jpeg,1
IMG_2321.jpeg,1
IMG_2321.jpeg,1
IMG_2321.jpeg,1
IMG_2321.jpeg,1
IMG_2321.jpeg,1
IMG_2321.jpeg,1
IMG_2322.jpeg,1
IMG_2322.jpeg,1
IMG_2322.jpeg,1
IMG_2322.jpeg,1
IMG_2322.jpeg,1
IMG_2322.jpeg,1
IMG_2330.jpeg,1
IMG_2330.jpeg,1
IMG_2330.jpeg,1
IMG_2330.jpeg,1
IMG_2330.jpeg,1
IMG_2330.jpeg,1
IMG_2330.jpeg,1
IMG_2330.jpeg,1
IMG_2330.jpeg,1
IMG_2330.jpeg,1
IMG_2330.jpeg,1
IMG_2330.jpeg,1
IMG_2330.jpeg,1
IMG_2330.jpeg,1
IMG_2330.jpeg,1
IMG_2330.jpeg,1
IMG_2330.jpeg,1
IMG_2330.jpeg,1
IMG_2330.jpeg,1
IMG_2330.jpeg,1
IMG_2330.jpeg,1
IMG_2331.jpeg,1
IMG_2331.jpeg,1
IMG_2331.jpeg,1
IMG_2331.jpeg,1
IMG_2331.jpeg,1
IMG_2331.jpeg,1
IMG_2331.jpeg,1
IMG_2331.jpeg,1
IMG_2331.jpeg,1
IMG_2331.jpeg,1
IMG_2331.jpeg,1
IMG_2331.jpeg,1
IMG_2331.jpeg,1
IMG_2331.jpeg,1
IMG_2331.jpeg,1
IMG_2331.jpeg,1
IMG_2331.jpeg,1
IMG_2331.jpeg,1
IMG_2331.jpeg,1
IMG_2331.jpeg,1
IMG_2331.jpeg,1
IMG_2332.jpeg,1
IMG_2332.jpeg,1
IMG_2332.jpeg,1
IMG_2332.jpeg,1
IMG_2332.jpeg,1
IMG_2332.jpeg,1
IMG_2332.jpeg,1
IMG_2332.jpeg,1
IMG_2332.jpeg,1
IMG_2332.jpeg,1
IMG_2332.jpeg,1
IMG_2332.jpeg,1
IMG_2332.jpeg,1
IMG_2332.jpeg,1
IMG_2332.jpeg,1
IMG_2332.jpeg,1
IMG_2332.jpeg,1
IMG_2333.jpeg,1
IMG_2333.jpeg,1
IMG_2333.jpeg,1
IMG_2333.jpeg,1
IMG_2333.jpeg,1
IMG_2333.jpeg,1
IMG_2333.jpeg,1
IMG_2333.jpeg,1
IMG_2333.jpeg,1
IMG_2334.jpeg,1
IMG_2334.jpeg,1
IMG_2334.jpeg,1
IMG_2334.jpeg,1
IMG_2334.jpeg,1
IMG_2334.jpeg,1
IMG_2334.jpeg,1
IMG_2334.jpeg,1
IMG_2334.jpeg,1
IMG_2334.jpeg,1
IMG_2334.jpeg,1
IMG_2334.jpeg,1
IMG_2352.jpeg,1
IMG_2352.jpeg,1
IMG_2352.jpeg,1
IMG_2352.jpeg,1
IMG_2352.jpeg,1
IMG_2352.jpeg,1
IMG_2352.jpeg,1
IMG_2352.jpeg,1
IMG_2352.jpeg,1
IMG_2352.jpeg,1
IMG_2352.jpeg,1
IMG_2352.jpeg,1
IMG_2352.jpeg,1
IMG_2352.jpeg,1
IMG_2352.jpeg,1
IMG_2352.jpeg,1
IMG_2352.jpeg,1
IMG_2352.jpeg,1
IMG_2352.jpeg,1
IMG_2352.jpeg,1
IMG_2352.jpeg,1
IMG_2353.jpeg,1
IMG_2353.jpeg,1
IMG_2353.jpeg,1
IMG_2353.jpeg,1
IMG_2353.jpeg,1
IMG_2353.jpeg,1
IMG_2353.jpeg,1
IMG_2353.jpeg,1
IMG_2353.jpeg,1
IMG_2353.jpeg,1
IMG_2353.jpeg,1
IMG_2353.jpeg,1
IMG_2353.jpeg,1
IMG_2353.jpeg,1
IMG_2353.jpeg,1
IMG_2353.jpeg,1
IMG_2353.jpeg,1
IMG_2353.jpeg,1
IMG_2353.jpeg,1
IMG_2354.jpeg,1
IMG_2354.jpeg,1
IMG_2354.jpeg,1
IMG_2354.jpeg,1
IMG_2354.jpeg,1
IMG_2354.jpeg,1
IMG_2354.jpeg,1
IMG_2354.jpeg,1
IMG_2354.jpeg,1
IMG_2354.jpeg,1
IMG_2354.jpeg,1
IMG_2354.jpeg,1
IMG_2354.jpeg,1
IMG_2354.jpeg,1
IMG_2354.jpeg,1
IMG_2354.jpeg,1
IMG_2354.jpeg,1
IMG_2373.jpeg,2
IMG_2373.jpeg,1
IMG_2373.jpeg,1
IMG_2373.jpeg,1
IMG_2373.jpeg,1
IMG_2373.jpeg,1
IMG_2373.jpeg,1
IMG_2373.jpeg,1
IMG_2373.jpeg,1
IMG_2373.jpeg,1
IMG_2373.jpeg,1
IMG_2373.jpeg,1
IMG_2373.jpeg,1
IMG_2373.jpeg,1
IMG_2373.jpeg,1
IMG_2373.jpeg,1
IMG_2374.jpeg,1
IMG_2374.jpeg,1
IMG_2374.jpeg,1
IMG_2374.jpeg,1
IMG_2374.jpeg,1
IMG_2374.jpeg,1
IMG_2374.jpeg,1
IMG_2374.jpeg,1
IMG_2374.jpeg,1
IMG_2374.jpeg,1
IMG_2374.jpeg,1
IMG_2374.jpeg,1
IMG_2374.jpeg,1
IMG_2374.jpeg,1
IMG_2374.jpeg,1
IMG_2374.jpeg,1
IMG_2376.jpeg,1
IMG_2376.jpeg,1
IMG_2376.jpeg,1
IMG_2376.jpeg,1
IMG_2376.jpeg,1
IMG_2376.jpeg,1
IMG_2376.jpeg,1
IMG_2376.jpeg,1
IMG_2376.jpeg,1
IMG_2376.jpeg,1
IMG_2393.jpeg,1
IMG_2393.jpeg,1
IMG_2393.jpeg,1
IMG_2393.jpeg,1
IMG_2393.jpeg,1
IMG_2393.jpeg,1
IMG_2393.jpeg,1
IMG_2393.jpeg,1
IMG_2393.jpeg,1
IMG_2393.jpeg,1
IMG_2393.jpeg,1
IMG_2393.jpeg,1
IMG_2393.jpeg,1
IMG_2393.jpeg,1
IMG_2393.jpeg,1
IMG_2393.jpeg,1
IMG_2393.jpeg,1
IMG_2394.jpeg,1
IMG_2394.jpeg,1
IMG_2394.jpeg,1
IMG_2394.jpeg,1
IMG_2394.jpeg,1
IMG_2394.jpeg,1
IMG_2394.jpeg,1
IMG_2394.jpeg,1
IMG_2394.jpeg,1
IMG_2394.jpeg,1
IMG_2394.jpeg,1
IMG_2394.jpeg,1
IMG_2394.jpeg,1
IMG_2394.jpeg,1
IMG_2394.jpeg,1
IMG_2406.jpeg,1
IMG_2406.jpeg,1
IMG_2406.jpeg,1
IMG_2406.jpeg,1
IMG_2406.jpeg,1
IMG_2406.jpeg,1
IMG_2406.jpeg,1
IMG_2406.jpeg,1
IMG_2406.jpeg,1
IMG_2406.jpeg,1
IMG_2406.jpeg,1
IMG_2406.jpeg,1
IMG_2406.jpeg,1
IMG_2406.jpeg,1
IMG_2406.jpeg,1
IMG_2406.jpeg,1
IMG_2407.jpeg,1
IMG_2407.jpeg,1
IMG_2407.jpeg,1
IMG_2407.jpeg,1
IMG_2407.jpeg,1
IMG_2407.jpeg,1
IMG_2407.jpeg,1
IMG_2408.jpeg,1
IMG_2408.jpeg,1
IMG_2408.jpeg,1
IMG_2408.jpeg,1
IMG_2408.jpeg,1
IMG_2408.jpeg,1
IMG_2408.jpeg,1
IMG_2408.jpeg,1
IMG_2408.jpeg,1
IMG_2408.jpeg,1
IMG_2408.jpeg,1
IMG_2408.jpeg,1
IMG_2408.jpeg,1
IMG_2448.jpeg,1
IMG_2448.jpeg,1
IMG_2448.jpeg,1
IMG_2448.jpeg,1
IMG_2448.jpeg,1
IMG_2448.jpeg,1
IMG_2448.jpeg,1
IMG_2448.jpeg,1
IMG_2448.jpeg,1
IMG_2448.jpeg,1
IMG_2448.jpeg,1
IMG_2448.jpeg,1
IMG_2448.jpeg,1
IMG_2448.jpeg,1
IMG_2448.jpeg,1
IMG_2448.jpeg,1
IMG_2448.jpeg,1
IMG_2448.jpeg,1
IMG_2448.jpeg,1
IMG_2448.jpeg,1
IMG_2448.jpeg,1
IMG_2449.jpeg,1
IMG_2449.jpeg,1
IMG_2449.jpeg,1
IMG_2449.jpeg,1
IMG_2449.jpeg,1
IMG_2449.jpeg,1
IMG_2449.jpeg,1
IMG_2449.jpeg,1
IMG_2449.jpeg,1
IMG_2449.jpeg,1
IMG_2449.jpeg,1
IMG_2449.jpeg,1
IMG_2449.jpeg,1
IMG_2449.jpeg,1
IMG_2449.jpeg,1
IMG_2449.jpeg,1
IMG_2449.jpeg,1
IMG_2449.jpeg,1
IMG_2449.jpeg,1
IMG_2449.jpeg,1
IMG_2458.jpeg,1
IMG_2458.jpeg,1
IMG_2458.jpeg,1
IMG_2458.jpeg,1
IMG_2458.jpeg,1
IMG_2458.jpeg,1
IMG_2458.jpeg,1
IMG_2458.jpeg,1
IMG_2458.jpeg,1
IMG_2458.jpeg,1
IMG_2458.jpeg,1
IMG_2458.jpeg,1
IMG_2458.jpeg,1
IMG_2458.jpeg,1
IMG_2458.jpeg,1
IMG_2458.jpeg,1
IMG_2459.jpeg,1
IMG_2459.jpeg,1
IMG_2459.jpeg,1
IMG_2459.jpeg,1
IMG_2459.jpeg,1
IMG_2459.jpeg,1
IMG_2459.jpeg,1
IMG_2459.jpeg,1
IMG_2459.jpeg,1
IMG_2459.jpeg,1
IMG_2459.jpeg,1
IMG_2459.jpeg,1
IMG_2459.jpeg,1
IMG_2459.jpeg,1
IMG_2459.jpeg,1
IMG_2459.jpeg,1
IMG_2476.jpeg,1
IMG_2476.jpeg,1
IMG_2476.jpeg,1
IMG_2476.jpeg,1
IMG_2476.jpeg,1
IMG_2476.jpeg,1
IMG_2476.jpeg,1
IMG_2476.jpeg,1
IMG_2476.jpeg,1
IMG_2476.jpeg,1
IMG_2476.jpeg,1
IMG_2477.jpeg,1
IMG_2477.jpeg,1
IMG_2477.jpeg,1
IMG_2477.jpeg,1
IMG_2477.jpeg,1
IMG_2477.jpeg,1
IMG_2477.jpeg,1
IMG_2477.jpeg,1
IMG_2477.jpeg,1
IMG_2477.jpeg,1
IMG_2477.jpeg,1
IMG_2477.jpeg,1
IMG_2477.jpeg,1
IMG_2477.jpeg,1
IMG_2477.jpeg,1
IMG_2477.jpeg,1
IMG_2477.jpeg,1
IMG_2477.jpeg,1
IMG_2477.jpeg,1
IMG_2477.jpeg,1
IMG_2477.jpeg,1
IMG_2478.jpeg,1
IMG_2478.jpeg,1
IMG_2478.jpeg,1
IMG_2478.jpeg,1
IMG_2478.jpeg,1
IMG_2478.jpeg,1
IMG_2478.jpeg,1
IMG_2478.jpeg,1
IMG_2478.jpeg,1
IMG_2478.jpeg,1
IMG_2478.jpeg,1
IMG_2493.jpeg,1
IMG_2493.jpeg,1
IMG_2493.jpeg,1
IMG_2493.jpeg,1
IMG_2493.jpeg,1
IMG_2493.jpeg,1
IMG_2493.jpeg,1
IMG_2493.jpeg,1
IMG_2493.jpeg,1
IMG_2493.jpeg,1
IMG_2493.jpeg,1
IMG_2493.jpeg,1
IMG_2493.jpeg,1
IMG_2493.jpeg,1
IMG_2493.jpeg,1
IMG_2493.jpeg,1
IMG_2494.jpeg,1
IMG_2494.jpeg,1
IMG_2494.jpeg,1
IMG_2494.jpeg,1
IMG_2494.jpeg,1
IMG_2494.jpeg,1
IMG_2494.jpeg,1
IMG_2494.jpeg,1
IMG_2494.jpeg,1
IMG_2494.jpeg,1
IMG_2494.jpeg,1
IMG_2494.jpeg,1
IMG_2494.jpeg,1
IMG_2494.jpeg,1
IMG_2494.jpeg,1
IMG_2494.jpeg,1
IMG_2494.jpeg,1
IMG_2494.jpeg,1
IMG_2494.jpeg,1
IMG_2494.jpeg,1
IMG_2494.jpeg,1
IMG_2496.jpeg,1
IMG_2496.jpeg,1
IMG_2496.jpeg,1
IMG_2496.jpeg,1
IMG_2496.jpeg,1
IMG_2496.jpeg,1
IMG_2496.jpeg,1
IMG_2496.jpeg,1
IMG_2496.jpeg,1
IMG_2496.jpeg,1
IMG_2496.jpeg,1
IMG_2496.jpeg,1
IMG_2496.jpeg,1
IMG_2496.jpeg,1
IMG_2496.jpeg,1
IMG_2496.jpeg,1
IMG_2496.jpeg,1
IMG_2496.jpeg,1
IMG_2496.jpeg,1
IMG_2496.jpeg,1
IMG_2496.jpeg,1
IMG_2537.jpeg,2
IMG_2614.jpeg,2
IMG_2614.jpeg,1
IMG_2614.jpeg,1
